record,file name,output_var
1,_-4q0gQdv9p92Qtz1djxTg_01_01.png,0
2,_-4q0gQdv9p92Qtz1djxTg_01_02.png,0
3,_-4q0gQdv9p92Qtz1djxTg_01_03.png,0
4,_-4q0gQdv9p92Qtz1djxTg_01_04.png,0
5,_-4q0gQdv9p92Qtz1djxTg_01_05.png,0
6,_-4q0gQdv9p92Qtz1djxTg_01_06.png,0
7,_-4q0gQdv9p92Qtz1djxTg_01_07.png,0
8,_-4q0gQdv9p92Qtz1djxTg_01_08.png,0
9,_-4q0gQdv9p92Qtz1djxTg_01_09.png,0
10,_-4q0gQdv9p92Qtz1djxTg_01_10.png,0
11,_-4q0gQdv9p92Qtz1djxTg_02_01.png,0
12,_-4q0gQdv9p92Qtz1djxTg_02_02.png,0
13,_-4q0gQdv9p92Qtz1djxTg_02_03.png,0
14,_-4q0gQdv9p92Qtz1djxTg_02_04.png,0
15,_-4q0gQdv9p92Qtz1djxTg_02_05.png,0
16,_-4q0gQdv9p92Qtz1djxTg_02_06.png,0
17,_-4q0gQdv9p92Qtz1djxTg_02_07.png,0
18,_-4q0gQdv9p92Qtz1djxTg_02_08.png,0
19,_-4q0gQdv9p92Qtz1djxTg_02_09.png,0
20,_-4q0gQdv9p92Qtz1djxTg_02_10.png,0
21,_-4q0gQdv9p92Qtz1djxTg_03_01.png,0
22,_-4q0gQdv9p92Qtz1djxTg_03_02.png,0
23,_-4q0gQdv9p92Qtz1djxTg_03_03.png,0
24,_-4q0gQdv9p92Qtz1djxTg_03_04.png,0
25,_-4q0gQdv9p92Qtz1djxTg_03_05.png,0
26,_-4q0gQdv9p92Qtz1djxTg_03_06.png,0
27,_-4q0gQdv9p92Qtz1djxTg_03_07.png,0
28,_-4q0gQdv9p92Qtz1djxTg_03_08.png,0
29,_-4q0gQdv9p92Qtz1djxTg_03_09.png,0
30,_-4q0gQdv9p92Qtz1djxTg_03_10.png,0
31,_-4q0gQdv9p92Qtz1djxTg_04_01.png,0
32,_-4q0gQdv9p92Qtz1djxTg_04_02.png,0
33,_-4q0gQdv9p92Qtz1djxTg_04_03.png,0
34,_-4q0gQdv9p92Qtz1djxTg_04_04.png,0
35,_-4q0gQdv9p92Qtz1djxTg_04_05.png,0
36,_-4q0gQdv9p92Qtz1djxTg_04_06.png,0
37,_-4q0gQdv9p92Qtz1djxTg_04_07.png,0
38,_-4q0gQdv9p92Qtz1djxTg_04_08.png,0
39,_-4q0gQdv9p92Qtz1djxTg_04_09.png,0
40,_-4q0gQdv9p92Qtz1djxTg_04_10.png,0
41,_-4q0gQdv9p92Qtz1djxTg_05_01.png,0
42,_-4q0gQdv9p92Qtz1djxTg_05_02.png,0
43,_-4q0gQdv9p92Qtz1djxTg_05_03.png,0
44,_-4q0gQdv9p92Qtz1djxTg_05_04.png,0
45,_-4q0gQdv9p92Qtz1djxTg_05_05.png,0
46,_-4q0gQdv9p92Qtz1djxTg_05_06.png,0
47,_-4q0gQdv9p92Qtz1djxTg_05_07.png,0
48,_-4q0gQdv9p92Qtz1djxTg_05_08.png,0
49,_-4q0gQdv9p92Qtz1djxTg_05_09.png,0
50,_-4q0gQdv9p92Qtz1djxTg_05_10.png,0
51,_-4q0gQdv9p92Qtz1djxTg_06_01.png,0
52,_-4q0gQdv9p92Qtz1djxTg_06_02.png,0
53,_-4q0gQdv9p92Qtz1djxTg_06_03.png,0
54,_-4q0gQdv9p92Qtz1djxTg_06_04.png,0
55,_-4q0gQdv9p92Qtz1djxTg_06_05.png,0
56,_-4q0gQdv9p92Qtz1djxTg_06_06.png,0
57,_-4q0gQdv9p92Qtz1djxTg_06_07.png,0
58,_-4q0gQdv9p92Qtz1djxTg_06_08.png,0
59,_-4q0gQdv9p92Qtz1djxTg_06_09.png,0
60,_-4q0gQdv9p92Qtz1djxTg_06_10.png,0
61,_-4q0gQdv9p92Qtz1djxTg_07_01.png,0
62,_-4q0gQdv9p92Qtz1djxTg_07_02.png,0
63,_-4q0gQdv9p92Qtz1djxTg_07_03.png,0
64,_-4q0gQdv9p92Qtz1djxTg_07_04.png,0
65,_-4q0gQdv9p92Qtz1djxTg_07_05.png,0
66,_-4q0gQdv9p92Qtz1djxTg_07_06.png,0
67,_-4q0gQdv9p92Qtz1djxTg_07_07.png,0
68,_-4q0gQdv9p92Qtz1djxTg_07_08.png,0
69,_-4q0gQdv9p92Qtz1djxTg_07_09.png,0
70,_-4q0gQdv9p92Qtz1djxTg_07_10.png,0
71,_-4q0gQdv9p92Qtz1djxTg_08_01.png,0
72,_-4q0gQdv9p92Qtz1djxTg_08_02.png,0
73,_-4q0gQdv9p92Qtz1djxTg_08_03.png,0
74,_-4q0gQdv9p92Qtz1djxTg_08_04.png,0
75,_-4q0gQdv9p92Qtz1djxTg_08_05.png,0
76,_-4q0gQdv9p92Qtz1djxTg_08_06.png,0
77,_-4q0gQdv9p92Qtz1djxTg_08_07.png,0
78,_-4q0gQdv9p92Qtz1djxTg_08_08.png,0
79,_-4q0gQdv9p92Qtz1djxTg_08_09.png,0
80,_-4q0gQdv9p92Qtz1djxTg_08_10.png,0
81,_-4q0gQdv9p92Qtz1djxTg_09_01.png,0
82,_-4q0gQdv9p92Qtz1djxTg_09_02.png,0
83,_-4q0gQdv9p92Qtz1djxTg_09_03.png,0
84,_-4q0gQdv9p92Qtz1djxTg_09_04.png,0
85,_-4q0gQdv9p92Qtz1djxTg_09_05.png,0
86,_-4q0gQdv9p92Qtz1djxTg_09_06.png,0
87,_-4q0gQdv9p92Qtz1djxTg_09_07.png,0
88,_-4q0gQdv9p92Qtz1djxTg_09_08.png,0
89,_-4q0gQdv9p92Qtz1djxTg_09_09.png,0
90,_-4q0gQdv9p92Qtz1djxTg_09_10.png,0
91,_-4q0gQdv9p92Qtz1djxTg_10_01.png,0
92,_-4q0gQdv9p92Qtz1djxTg_10_02.png,0
93,_-4q0gQdv9p92Qtz1djxTg_10_03.png,0
94,_-4q0gQdv9p92Qtz1djxTg_10_04.png,0
95,_-4q0gQdv9p92Qtz1djxTg_10_05.png,0
96,_-4q0gQdv9p92Qtz1djxTg_10_06.png,0
97,_-4q0gQdv9p92Qtz1djxTg_10_07.png,0
98,_-4q0gQdv9p92Qtz1djxTg_10_08.png,0
99,_-4q0gQdv9p92Qtz1djxTg_10_09.png,0
100,_-4q0gQdv9p92Qtz1djxTg_10_10.png,0
101,_-juQGLyiREvcO68Kcohcg_01_01.png,0
102,_-juQGLyiREvcO68Kcohcg_01_02.png,0
103,_-juQGLyiREvcO68Kcohcg_01_03.png,0
104,_-juQGLyiREvcO68Kcohcg_01_04.png,0
105,_-juQGLyiREvcO68Kcohcg_01_05.png,0
106,_-juQGLyiREvcO68Kcohcg_01_06.png,0
107,_-juQGLyiREvcO68Kcohcg_01_07.png,0
108,_-juQGLyiREvcO68Kcohcg_01_08.png,0
109,_-juQGLyiREvcO68Kcohcg_01_09.png,0
110,_-juQGLyiREvcO68Kcohcg_01_10.png,0
111,_-juQGLyiREvcO68Kcohcg_02_01.png,0
112,_-juQGLyiREvcO68Kcohcg_02_02.png,0
113,_-juQGLyiREvcO68Kcohcg_02_03.png,0
114,_-juQGLyiREvcO68Kcohcg_02_04.png,0
115,_-juQGLyiREvcO68Kcohcg_02_05.png,0
116,_-juQGLyiREvcO68Kcohcg_02_06.png,0
117,_-juQGLyiREvcO68Kcohcg_02_07.png,0
118,_-juQGLyiREvcO68Kcohcg_02_08.png,0
119,_-juQGLyiREvcO68Kcohcg_02_09.png,0
120,_-juQGLyiREvcO68Kcohcg_02_10.png,0
121,_-juQGLyiREvcO68Kcohcg_03_01.png,0
122,_-juQGLyiREvcO68Kcohcg_03_02.png,0
123,_-juQGLyiREvcO68Kcohcg_03_03.png,0
124,_-juQGLyiREvcO68Kcohcg_03_04.png,0
125,_-juQGLyiREvcO68Kcohcg_03_05.png,0
126,_-juQGLyiREvcO68Kcohcg_03_06.png,0
127,_-juQGLyiREvcO68Kcohcg_03_07.png,0
128,_-juQGLyiREvcO68Kcohcg_03_08.png,0
129,_-juQGLyiREvcO68Kcohcg_03_09.png,0
130,_-juQGLyiREvcO68Kcohcg_03_10.png,0
131,_-juQGLyiREvcO68Kcohcg_04_01.png,0
132,_-juQGLyiREvcO68Kcohcg_04_02.png,0
133,_-juQGLyiREvcO68Kcohcg_04_03.png,0
134,_-juQGLyiREvcO68Kcohcg_04_04.png,0
135,_-juQGLyiREvcO68Kcohcg_04_05.png,0
136,_-juQGLyiREvcO68Kcohcg_04_06.png,0
137,_-juQGLyiREvcO68Kcohcg_04_07.png,0
138,_-juQGLyiREvcO68Kcohcg_04_08.png,0
139,_-juQGLyiREvcO68Kcohcg_04_09.png,0
140,_-juQGLyiREvcO68Kcohcg_04_10.png,0
141,_-juQGLyiREvcO68Kcohcg_05_01.png,0
142,_-juQGLyiREvcO68Kcohcg_05_02.png,0
143,_-juQGLyiREvcO68Kcohcg_05_03.png,0
144,_-juQGLyiREvcO68Kcohcg_05_04.png,0
145,_-juQGLyiREvcO68Kcohcg_05_05.png,0
146,_-juQGLyiREvcO68Kcohcg_05_06.png,0
147,_-juQGLyiREvcO68Kcohcg_05_07.png,0
148,_-juQGLyiREvcO68Kcohcg_05_08.png,0
149,_-juQGLyiREvcO68Kcohcg_05_09.png,0
150,_-juQGLyiREvcO68Kcohcg_05_10.png,0
151,_-juQGLyiREvcO68Kcohcg_06_01.png,0
152,_-juQGLyiREvcO68Kcohcg_06_02.png,1
153,_-juQGLyiREvcO68Kcohcg_06_03.png,1
154,_-juQGLyiREvcO68Kcohcg_06_04.png,0
155,_-juQGLyiREvcO68Kcohcg_06_05.png,1
156,_-juQGLyiREvcO68Kcohcg_06_06.png,1
157,_-juQGLyiREvcO68Kcohcg_06_07.png,1
158,_-juQGLyiREvcO68Kcohcg_06_08.png,0
159,_-juQGLyiREvcO68Kcohcg_06_09.png,0
160,_-juQGLyiREvcO68Kcohcg_06_10.png,0
161,_-juQGLyiREvcO68Kcohcg_07_01.png,0
162,_-juQGLyiREvcO68Kcohcg_07_02.png,0
163,_-juQGLyiREvcO68Kcohcg_07_03.png,0
164,_-juQGLyiREvcO68Kcohcg_07_04.png,0
165,_-juQGLyiREvcO68Kcohcg_07_05.png,0
166,_-juQGLyiREvcO68Kcohcg_07_06.png,0
167,_-juQGLyiREvcO68Kcohcg_07_07.png,0
168,_-juQGLyiREvcO68Kcohcg_07_08.png,0
169,_-juQGLyiREvcO68Kcohcg_07_09.png,0
170,_-juQGLyiREvcO68Kcohcg_07_10.png,0
171,_-juQGLyiREvcO68Kcohcg_08_01.png,0
172,_-juQGLyiREvcO68Kcohcg_08_02.png,0
173,_-juQGLyiREvcO68Kcohcg_08_03.png,0
174,_-juQGLyiREvcO68Kcohcg_08_04.png,0
175,_-juQGLyiREvcO68Kcohcg_08_05.png,0
176,_-juQGLyiREvcO68Kcohcg_08_06.png,0
177,_-juQGLyiREvcO68Kcohcg_08_07.png,0
178,_-juQGLyiREvcO68Kcohcg_08_08.png,0
179,_-juQGLyiREvcO68Kcohcg_08_09.png,1
180,_-juQGLyiREvcO68Kcohcg_08_10.png,0
181,_-juQGLyiREvcO68Kcohcg_09_01.png,0
182,_-juQGLyiREvcO68Kcohcg_09_02.png,0
183,_-juQGLyiREvcO68Kcohcg_09_03.png,0
184,_-juQGLyiREvcO68Kcohcg_09_04.png,0
185,_-juQGLyiREvcO68Kcohcg_09_05.png,0
186,_-juQGLyiREvcO68Kcohcg_09_06.png,0
187,_-juQGLyiREvcO68Kcohcg_09_07.png,0
188,_-juQGLyiREvcO68Kcohcg_09_08.png,0
189,_-juQGLyiREvcO68Kcohcg_09_09.png,0
190,_-juQGLyiREvcO68Kcohcg_09_10.png,0
191,_-juQGLyiREvcO68Kcohcg_10_01.png,0
192,_-juQGLyiREvcO68Kcohcg_10_02.png,0
193,_-juQGLyiREvcO68Kcohcg_10_03.png,0
194,_-juQGLyiREvcO68Kcohcg_10_04.png,0
195,_-juQGLyiREvcO68Kcohcg_10_05.png,0
196,_-juQGLyiREvcO68Kcohcg_10_06.png,0
197,_-juQGLyiREvcO68Kcohcg_10_07.png,0
198,_-juQGLyiREvcO68Kcohcg_10_08.png,0
199,_-juQGLyiREvcO68Kcohcg_10_09.png,0
200,_-juQGLyiREvcO68Kcohcg_10_10.png,0
201,_-jvLPS8mvtZV-Qv09zKjg_01_01.png,0
202,_-jvLPS8mvtZV-Qv09zKjg_01_02.png,0
203,_-jvLPS8mvtZV-Qv09zKjg_01_03.png,0
204,_-jvLPS8mvtZV-Qv09zKjg_01_04.png,0
205,_-jvLPS8mvtZV-Qv09zKjg_01_05.png,0
206,_-jvLPS8mvtZV-Qv09zKjg_01_06.png,0
207,_-jvLPS8mvtZV-Qv09zKjg_01_07.png,0
208,_-jvLPS8mvtZV-Qv09zKjg_01_08.png,0
209,_-jvLPS8mvtZV-Qv09zKjg_01_09.png,0
210,_-jvLPS8mvtZV-Qv09zKjg_01_10.png,0
211,_-jvLPS8mvtZV-Qv09zKjg_02_01.png,0
212,_-jvLPS8mvtZV-Qv09zKjg_02_02.png,0
213,_-jvLPS8mvtZV-Qv09zKjg_02_03.png,0
214,_-jvLPS8mvtZV-Qv09zKjg_02_04.png,0
215,_-jvLPS8mvtZV-Qv09zKjg_02_05.png,0
216,_-jvLPS8mvtZV-Qv09zKjg_02_06.png,0
217,_-jvLPS8mvtZV-Qv09zKjg_02_07.png,0
218,_-jvLPS8mvtZV-Qv09zKjg_02_08.png,0
219,_-jvLPS8mvtZV-Qv09zKjg_02_09.png,0
220,_-jvLPS8mvtZV-Qv09zKjg_02_10.png,0
221,_-jvLPS8mvtZV-Qv09zKjg_03_01.png,0
222,_-jvLPS8mvtZV-Qv09zKjg_03_02.png,0
223,_-jvLPS8mvtZV-Qv09zKjg_03_03.png,0
224,_-jvLPS8mvtZV-Qv09zKjg_03_04.png,0
225,_-jvLPS8mvtZV-Qv09zKjg_03_05.png,0
226,_-jvLPS8mvtZV-Qv09zKjg_03_06.png,0
227,_-jvLPS8mvtZV-Qv09zKjg_03_07.png,0
228,_-jvLPS8mvtZV-Qv09zKjg_03_08.png,0
229,_-jvLPS8mvtZV-Qv09zKjg_03_09.png,0
230,_-jvLPS8mvtZV-Qv09zKjg_03_10.png,0
231,_-jvLPS8mvtZV-Qv09zKjg_04_01.png,0
232,_-jvLPS8mvtZV-Qv09zKjg_04_02.png,0
233,_-jvLPS8mvtZV-Qv09zKjg_04_03.png,0
234,_-jvLPS8mvtZV-Qv09zKjg_04_04.png,0
235,_-jvLPS8mvtZV-Qv09zKjg_04_05.png,0
236,_-jvLPS8mvtZV-Qv09zKjg_04_06.png,0
237,_-jvLPS8mvtZV-Qv09zKjg_04_07.png,0
238,_-jvLPS8mvtZV-Qv09zKjg_04_08.png,0
239,_-jvLPS8mvtZV-Qv09zKjg_04_09.png,0
240,_-jvLPS8mvtZV-Qv09zKjg_04_10.png,0
241,_-jvLPS8mvtZV-Qv09zKjg_05_01.png,0
242,_-jvLPS8mvtZV-Qv09zKjg_05_02.png,0
243,_-jvLPS8mvtZV-Qv09zKjg_05_03.png,0
244,_-jvLPS8mvtZV-Qv09zKjg_05_04.png,0
245,_-jvLPS8mvtZV-Qv09zKjg_05_05.png,0
246,_-jvLPS8mvtZV-Qv09zKjg_05_06.png,0
247,_-jvLPS8mvtZV-Qv09zKjg_05_07.png,0
248,_-jvLPS8mvtZV-Qv09zKjg_05_08.png,0
249,_-jvLPS8mvtZV-Qv09zKjg_05_09.png,0
250,_-jvLPS8mvtZV-Qv09zKjg_05_10.png,0
251,_-jvLPS8mvtZV-Qv09zKjg_06_01.png,0
252,_-jvLPS8mvtZV-Qv09zKjg_06_02.png,0
253,_-jvLPS8mvtZV-Qv09zKjg_06_03.png,0
254,_-jvLPS8mvtZV-Qv09zKjg_06_04.png,0
255,_-jvLPS8mvtZV-Qv09zKjg_06_05.png,0
256,_-jvLPS8mvtZV-Qv09zKjg_06_06.png,0
257,_-jvLPS8mvtZV-Qv09zKjg_06_07.png,0
258,_-jvLPS8mvtZV-Qv09zKjg_06_08.png,0
259,_-jvLPS8mvtZV-Qv09zKjg_06_09.png,0
260,_-jvLPS8mvtZV-Qv09zKjg_06_10.png,0
261,_-jvLPS8mvtZV-Qv09zKjg_07_01.png,0
262,_-jvLPS8mvtZV-Qv09zKjg_07_02.png,0
263,_-jvLPS8mvtZV-Qv09zKjg_07_03.png,0
264,_-jvLPS8mvtZV-Qv09zKjg_07_04.png,0
265,_-jvLPS8mvtZV-Qv09zKjg_07_05.png,0
266,_-jvLPS8mvtZV-Qv09zKjg_07_06.png,0
267,_-jvLPS8mvtZV-Qv09zKjg_07_07.png,0
268,_-jvLPS8mvtZV-Qv09zKjg_07_08.png,0
269,_-jvLPS8mvtZV-Qv09zKjg_07_09.png,0
270,_-jvLPS8mvtZV-Qv09zKjg_07_10.png,0
271,_-jvLPS8mvtZV-Qv09zKjg_08_01.png,0
272,_-jvLPS8mvtZV-Qv09zKjg_08_02.png,0
273,_-jvLPS8mvtZV-Qv09zKjg_08_03.png,0
274,_-jvLPS8mvtZV-Qv09zKjg_08_04.png,0
275,_-jvLPS8mvtZV-Qv09zKjg_08_05.png,0
276,_-jvLPS8mvtZV-Qv09zKjg_08_06.png,0
277,_-jvLPS8mvtZV-Qv09zKjg_08_07.png,0
278,_-jvLPS8mvtZV-Qv09zKjg_08_08.png,0
279,_-jvLPS8mvtZV-Qv09zKjg_08_09.png,0
280,_-jvLPS8mvtZV-Qv09zKjg_08_10.png,0
281,_-jvLPS8mvtZV-Qv09zKjg_09_01.png,0
282,_-jvLPS8mvtZV-Qv09zKjg_09_02.png,0
283,_-jvLPS8mvtZV-Qv09zKjg_09_03.png,0
284,_-jvLPS8mvtZV-Qv09zKjg_09_04.png,0
285,_-jvLPS8mvtZV-Qv09zKjg_09_05.png,0
286,_-jvLPS8mvtZV-Qv09zKjg_09_06.png,0
287,_-jvLPS8mvtZV-Qv09zKjg_09_07.png,0
288,_-jvLPS8mvtZV-Qv09zKjg_09_08.png,0
289,_-jvLPS8mvtZV-Qv09zKjg_09_09.png,0
290,_-jvLPS8mvtZV-Qv09zKjg_09_10.png,0
291,_-jvLPS8mvtZV-Qv09zKjg_10_01.png,0
292,_-jvLPS8mvtZV-Qv09zKjg_10_02.png,0
293,_-jvLPS8mvtZV-Qv09zKjg_10_03.png,0
294,_-jvLPS8mvtZV-Qv09zKjg_10_04.png,0
295,_-jvLPS8mvtZV-Qv09zKjg_10_05.png,0
296,_-jvLPS8mvtZV-Qv09zKjg_10_06.png,0
297,_-jvLPS8mvtZV-Qv09zKjg_10_07.png,0
298,_-jvLPS8mvtZV-Qv09zKjg_10_08.png,0
299,_-jvLPS8mvtZV-Qv09zKjg_10_09.png,0
300,_-jvLPS8mvtZV-Qv09zKjg_10_10.png,0
301,_-l2WgQVqJGhEVYrZsFKCg_01_01.png,0
302,_-l2WgQVqJGhEVYrZsFKCg_01_02.png,0
303,_-l2WgQVqJGhEVYrZsFKCg_01_03.png,0
304,_-l2WgQVqJGhEVYrZsFKCg_01_04.png,0
305,_-l2WgQVqJGhEVYrZsFKCg_01_05.png,0
306,_-l2WgQVqJGhEVYrZsFKCg_01_06.png,0
307,_-l2WgQVqJGhEVYrZsFKCg_01_07.png,0
308,_-l2WgQVqJGhEVYrZsFKCg_01_08.png,0
309,_-l2WgQVqJGhEVYrZsFKCg_01_09.png,0
310,_-l2WgQVqJGhEVYrZsFKCg_01_10.png,0
311,_-l2WgQVqJGhEVYrZsFKCg_02_01.png,0
312,_-l2WgQVqJGhEVYrZsFKCg_02_02.png,0
313,_-l2WgQVqJGhEVYrZsFKCg_02_03.png,0
314,_-l2WgQVqJGhEVYrZsFKCg_02_04.png,0
315,_-l2WgQVqJGhEVYrZsFKCg_02_05.png,0
316,_-l2WgQVqJGhEVYrZsFKCg_02_06.png,0
317,_-l2WgQVqJGhEVYrZsFKCg_02_07.png,0
318,_-l2WgQVqJGhEVYrZsFKCg_02_08.png,0
319,_-l2WgQVqJGhEVYrZsFKCg_02_09.png,0
320,_-l2WgQVqJGhEVYrZsFKCg_02_10.png,0
321,_-l2WgQVqJGhEVYrZsFKCg_03_01.png,0
322,_-l2WgQVqJGhEVYrZsFKCg_03_02.png,0
323,_-l2WgQVqJGhEVYrZsFKCg_03_03.png,0
324,_-l2WgQVqJGhEVYrZsFKCg_03_04.png,0
325,_-l2WgQVqJGhEVYrZsFKCg_03_05.png,0
326,_-l2WgQVqJGhEVYrZsFKCg_03_06.png,0
327,_-l2WgQVqJGhEVYrZsFKCg_03_07.png,0
328,_-l2WgQVqJGhEVYrZsFKCg_03_08.png,0
329,_-l2WgQVqJGhEVYrZsFKCg_03_09.png,0
330,_-l2WgQVqJGhEVYrZsFKCg_03_10.png,0
331,_-l2WgQVqJGhEVYrZsFKCg_04_01.png,0
332,_-l2WgQVqJGhEVYrZsFKCg_04_02.png,0
333,_-l2WgQVqJGhEVYrZsFKCg_04_03.png,0
334,_-l2WgQVqJGhEVYrZsFKCg_04_04.png,0
335,_-l2WgQVqJGhEVYrZsFKCg_04_05.png,0
336,_-l2WgQVqJGhEVYrZsFKCg_04_06.png,0
337,_-l2WgQVqJGhEVYrZsFKCg_04_07.png,0
338,_-l2WgQVqJGhEVYrZsFKCg_04_08.png,0
339,_-l2WgQVqJGhEVYrZsFKCg_04_09.png,0
340,_-l2WgQVqJGhEVYrZsFKCg_04_10.png,0
341,_-l2WgQVqJGhEVYrZsFKCg_05_01.png,0
342,_-l2WgQVqJGhEVYrZsFKCg_05_02.png,0
343,_-l2WgQVqJGhEVYrZsFKCg_05_03.png,0
344,_-l2WgQVqJGhEVYrZsFKCg_05_04.png,0
345,_-l2WgQVqJGhEVYrZsFKCg_05_05.png,0
346,_-l2WgQVqJGhEVYrZsFKCg_05_06.png,0
347,_-l2WgQVqJGhEVYrZsFKCg_05_07.png,0
348,_-l2WgQVqJGhEVYrZsFKCg_05_08.png,0
349,_-l2WgQVqJGhEVYrZsFKCg_05_09.png,0
350,_-l2WgQVqJGhEVYrZsFKCg_05_10.png,0
351,_-l2WgQVqJGhEVYrZsFKCg_06_01.png,0
352,_-l2WgQVqJGhEVYrZsFKCg_06_02.png,0
353,_-l2WgQVqJGhEVYrZsFKCg_06_03.png,0
354,_-l2WgQVqJGhEVYrZsFKCg_06_04.png,0
355,_-l2WgQVqJGhEVYrZsFKCg_06_05.png,0
356,_-l2WgQVqJGhEVYrZsFKCg_06_06.png,1
357,_-l2WgQVqJGhEVYrZsFKCg_06_07.png,0
358,_-l2WgQVqJGhEVYrZsFKCg_06_08.png,0
359,_-l2WgQVqJGhEVYrZsFKCg_06_09.png,0
360,_-l2WgQVqJGhEVYrZsFKCg_06_10.png,0
361,_-l2WgQVqJGhEVYrZsFKCg_07_01.png,0
362,_-l2WgQVqJGhEVYrZsFKCg_07_02.png,0
363,_-l2WgQVqJGhEVYrZsFKCg_07_03.png,0
364,_-l2WgQVqJGhEVYrZsFKCg_07_04.png,0
365,_-l2WgQVqJGhEVYrZsFKCg_07_05.png,0
366,_-l2WgQVqJGhEVYrZsFKCg_07_06.png,0
367,_-l2WgQVqJGhEVYrZsFKCg_07_07.png,0
368,_-l2WgQVqJGhEVYrZsFKCg_07_08.png,0
369,_-l2WgQVqJGhEVYrZsFKCg_07_09.png,0
370,_-l2WgQVqJGhEVYrZsFKCg_07_10.png,0
371,_-l2WgQVqJGhEVYrZsFKCg_08_01.png,0
372,_-l2WgQVqJGhEVYrZsFKCg_08_02.png,0
373,_-l2WgQVqJGhEVYrZsFKCg_08_03.png,0
374,_-l2WgQVqJGhEVYrZsFKCg_08_04.png,0
375,_-l2WgQVqJGhEVYrZsFKCg_08_05.png,0
376,_-l2WgQVqJGhEVYrZsFKCg_08_06.png,0
377,_-l2WgQVqJGhEVYrZsFKCg_08_07.png,0
378,_-l2WgQVqJGhEVYrZsFKCg_08_08.png,0
379,_-l2WgQVqJGhEVYrZsFKCg_08_09.png,0
380,_-l2WgQVqJGhEVYrZsFKCg_08_10.png,0
381,_-l2WgQVqJGhEVYrZsFKCg_09_01.png,0
382,_-l2WgQVqJGhEVYrZsFKCg_09_02.png,0
383,_-l2WgQVqJGhEVYrZsFKCg_09_03.png,0
384,_-l2WgQVqJGhEVYrZsFKCg_09_04.png,0
385,_-l2WgQVqJGhEVYrZsFKCg_09_05.png,0
386,_-l2WgQVqJGhEVYrZsFKCg_09_06.png,0
387,_-l2WgQVqJGhEVYrZsFKCg_09_07.png,0
388,_-l2WgQVqJGhEVYrZsFKCg_09_08.png,0
389,_-l2WgQVqJGhEVYrZsFKCg_09_09.png,0
390,_-l2WgQVqJGhEVYrZsFKCg_09_10.png,0
391,_-l2WgQVqJGhEVYrZsFKCg_10_01.png,0
392,_-l2WgQVqJGhEVYrZsFKCg_10_02.png,0
393,_-l2WgQVqJGhEVYrZsFKCg_10_03.png,0
394,_-l2WgQVqJGhEVYrZsFKCg_10_04.png,0
395,_-l2WgQVqJGhEVYrZsFKCg_10_05.png,0
396,_-l2WgQVqJGhEVYrZsFKCg_10_06.png,0
397,_-l2WgQVqJGhEVYrZsFKCg_10_07.png,0
398,_-l2WgQVqJGhEVYrZsFKCg_10_08.png,0
399,_-l2WgQVqJGhEVYrZsFKCg_10_09.png,0
400,_-l2WgQVqJGhEVYrZsFKCg_10_10.png,0
401,_-X794167fI00G7blppmbQ_01_01.png,0
402,_-X794167fI00G7blppmbQ_01_02.png,0
403,_-X794167fI00G7blppmbQ_01_03.png,0
404,_-X794167fI00G7blppmbQ_01_04.png,0
405,_-X794167fI00G7blppmbQ_01_05.png,0
406,_-X794167fI00G7blppmbQ_01_06.png,0
407,_-X794167fI00G7blppmbQ_01_07.png,0
408,_-X794167fI00G7blppmbQ_01_08.png,0
409,_-X794167fI00G7blppmbQ_01_09.png,0
410,_-X794167fI00G7blppmbQ_01_10.png,0
411,_-X794167fI00G7blppmbQ_02_01.png,0
412,_-X794167fI00G7blppmbQ_02_02.png,0
413,_-X794167fI00G7blppmbQ_02_03.png,0
414,_-X794167fI00G7blppmbQ_02_04.png,0
415,_-X794167fI00G7blppmbQ_02_05.png,0
416,_-X794167fI00G7blppmbQ_02_06.png,0
417,_-X794167fI00G7blppmbQ_02_07.png,0
418,_-X794167fI00G7blppmbQ_02_08.png,0
419,_-X794167fI00G7blppmbQ_02_09.png,0
420,_-X794167fI00G7blppmbQ_02_10.png,0
421,_-X794167fI00G7blppmbQ_03_01.png,0
422,_-X794167fI00G7blppmbQ_03_02.png,0
423,_-X794167fI00G7blppmbQ_03_03.png,0
424,_-X794167fI00G7blppmbQ_03_04.png,0
425,_-X794167fI00G7blppmbQ_03_05.png,0
426,_-X794167fI00G7blppmbQ_03_06.png,0
427,_-X794167fI00G7blppmbQ_03_07.png,0
428,_-X794167fI00G7blppmbQ_03_08.png,0
429,_-X794167fI00G7blppmbQ_03_09.png,0
430,_-X794167fI00G7blppmbQ_03_10.png,0
431,_-X794167fI00G7blppmbQ_04_01.png,0
432,_-X794167fI00G7blppmbQ_04_02.png,0
433,_-X794167fI00G7blppmbQ_04_03.png,0
434,_-X794167fI00G7blppmbQ_04_04.png,0
435,_-X794167fI00G7blppmbQ_04_05.png,0
436,_-X794167fI00G7blppmbQ_04_06.png,0
437,_-X794167fI00G7blppmbQ_04_07.png,0
438,_-X794167fI00G7blppmbQ_04_08.png,0
439,_-X794167fI00G7blppmbQ_04_09.png,0
440,_-X794167fI00G7blppmbQ_04_10.png,0
441,_-X794167fI00G7blppmbQ_05_01.png,0
442,_-X794167fI00G7blppmbQ_05_02.png,0
443,_-X794167fI00G7blppmbQ_05_03.png,0
444,_-X794167fI00G7blppmbQ_05_04.png,0
445,_-X794167fI00G7blppmbQ_05_05.png,0
446,_-X794167fI00G7blppmbQ_05_06.png,0
447,_-X794167fI00G7blppmbQ_05_07.png,0
448,_-X794167fI00G7blppmbQ_05_08.png,0
449,_-X794167fI00G7blppmbQ_05_09.png,0
450,_-X794167fI00G7blppmbQ_05_10.png,0
451,_-X794167fI00G7blppmbQ_06_01.png,0
452,_-X794167fI00G7blppmbQ_06_02.png,0
453,_-X794167fI00G7blppmbQ_06_03.png,0
454,_-X794167fI00G7blppmbQ_06_04.png,0
455,_-X794167fI00G7blppmbQ_06_05.png,1
456,_-X794167fI00G7blppmbQ_06_06.png,1
457,_-X794167fI00G7blppmbQ_06_07.png,0
458,_-X794167fI00G7blppmbQ_06_08.png,0
459,_-X794167fI00G7blppmbQ_06_09.png,0
460,_-X794167fI00G7blppmbQ_06_10.png,0
461,_-X794167fI00G7blppmbQ_07_01.png,0
462,_-X794167fI00G7blppmbQ_07_02.png,0
463,_-X794167fI00G7blppmbQ_07_03.png,0
464,_-X794167fI00G7blppmbQ_07_04.png,0
465,_-X794167fI00G7blppmbQ_07_05.png,0
466,_-X794167fI00G7blppmbQ_07_06.png,0
467,_-X794167fI00G7blppmbQ_07_07.png,0
468,_-X794167fI00G7blppmbQ_07_08.png,0
469,_-X794167fI00G7blppmbQ_07_09.png,0
470,_-X794167fI00G7blppmbQ_07_10.png,0
471,_-X794167fI00G7blppmbQ_08_01.png,0
472,_-X794167fI00G7blppmbQ_08_02.png,0
473,_-X794167fI00G7blppmbQ_08_03.png,0
474,_-X794167fI00G7blppmbQ_08_04.png,0
475,_-X794167fI00G7blppmbQ_08_05.png,0
476,_-X794167fI00G7blppmbQ_08_06.png,0
477,_-X794167fI00G7blppmbQ_08_07.png,0
478,_-X794167fI00G7blppmbQ_08_08.png,0
479,_-X794167fI00G7blppmbQ_08_09.png,0
480,_-X794167fI00G7blppmbQ_08_10.png,0
481,_-X794167fI00G7blppmbQ_09_01.png,0
482,_-X794167fI00G7blppmbQ_09_02.png,0
483,_-X794167fI00G7blppmbQ_09_03.png,0
484,_-X794167fI00G7blppmbQ_09_04.png,0
485,_-X794167fI00G7blppmbQ_09_05.png,0
486,_-X794167fI00G7blppmbQ_09_06.png,0
487,_-X794167fI00G7blppmbQ_09_07.png,0
488,_-X794167fI00G7blppmbQ_09_08.png,0
489,_-X794167fI00G7blppmbQ_09_09.png,0
490,_-X794167fI00G7blppmbQ_09_10.png,0
491,_-X794167fI00G7blppmbQ_10_01.png,0
492,_-X794167fI00G7blppmbQ_10_02.png,0
493,_-X794167fI00G7blppmbQ_10_03.png,0
494,_-X794167fI00G7blppmbQ_10_04.png,0
495,_-X794167fI00G7blppmbQ_10_05.png,0
496,_-X794167fI00G7blppmbQ_10_06.png,0
497,_-X794167fI00G7blppmbQ_10_07.png,0
498,_-X794167fI00G7blppmbQ_10_08.png,0
499,_-X794167fI00G7blppmbQ_10_09.png,0
500,_-X794167fI00G7blppmbQ_10_10.png,0
501,_-xYjEbedQre2HftBKbNBw_01_01.png,0
502,_-xYjEbedQre2HftBKbNBw_01_02.png,0
503,_-xYjEbedQre2HftBKbNBw_01_03.png,0
504,_-xYjEbedQre2HftBKbNBw_01_04.png,0
505,_-xYjEbedQre2HftBKbNBw_01_05.png,0
506,_-xYjEbedQre2HftBKbNBw_01_06.png,0
507,_-xYjEbedQre2HftBKbNBw_01_07.png,0
508,_-xYjEbedQre2HftBKbNBw_01_08.png,0
509,_-xYjEbedQre2HftBKbNBw_01_09.png,0
510,_-xYjEbedQre2HftBKbNBw_01_10.png,0
511,_-xYjEbedQre2HftBKbNBw_02_01.png,0
512,_-xYjEbedQre2HftBKbNBw_02_02.png,0
513,_-xYjEbedQre2HftBKbNBw_02_03.png,0
514,_-xYjEbedQre2HftBKbNBw_02_04.png,0
515,_-xYjEbedQre2HftBKbNBw_02_05.png,0
516,_-xYjEbedQre2HftBKbNBw_02_06.png,0
517,_-xYjEbedQre2HftBKbNBw_02_07.png,0
518,_-xYjEbedQre2HftBKbNBw_02_08.png,0
519,_-xYjEbedQre2HftBKbNBw_02_09.png,0
520,_-xYjEbedQre2HftBKbNBw_02_10.png,0
521,_-xYjEbedQre2HftBKbNBw_03_01.png,0
522,_-xYjEbedQre2HftBKbNBw_03_02.png,0
523,_-xYjEbedQre2HftBKbNBw_03_03.png,0
524,_-xYjEbedQre2HftBKbNBw_03_04.png,0
525,_-xYjEbedQre2HftBKbNBw_03_05.png,0
526,_-xYjEbedQre2HftBKbNBw_03_06.png,0
527,_-xYjEbedQre2HftBKbNBw_03_07.png,0
528,_-xYjEbedQre2HftBKbNBw_03_08.png,0
529,_-xYjEbedQre2HftBKbNBw_03_09.png,0
530,_-xYjEbedQre2HftBKbNBw_03_10.png,0
531,_-xYjEbedQre2HftBKbNBw_04_01.png,0
532,_-xYjEbedQre2HftBKbNBw_04_02.png,0
533,_-xYjEbedQre2HftBKbNBw_04_03.png,0
534,_-xYjEbedQre2HftBKbNBw_04_04.png,0
535,_-xYjEbedQre2HftBKbNBw_04_05.png,0
536,_-xYjEbedQre2HftBKbNBw_04_06.png,0
537,_-xYjEbedQre2HftBKbNBw_04_07.png,0
538,_-xYjEbedQre2HftBKbNBw_04_08.png,0
539,_-xYjEbedQre2HftBKbNBw_04_09.png,0
540,_-xYjEbedQre2HftBKbNBw_04_10.png,0
541,_-xYjEbedQre2HftBKbNBw_05_01.png,0
542,_-xYjEbedQre2HftBKbNBw_05_02.png,0
543,_-xYjEbedQre2HftBKbNBw_05_03.png,0
544,_-xYjEbedQre2HftBKbNBw_05_04.png,0
545,_-xYjEbedQre2HftBKbNBw_05_05.png,0
546,_-xYjEbedQre2HftBKbNBw_05_06.png,0
547,_-xYjEbedQre2HftBKbNBw_05_07.png,0
548,_-xYjEbedQre2HftBKbNBw_05_08.png,0
549,_-xYjEbedQre2HftBKbNBw_05_09.png,0
550,_-xYjEbedQre2HftBKbNBw_05_10.png,0
551,_-xYjEbedQre2HftBKbNBw_06_01.png,0
552,_-xYjEbedQre2HftBKbNBw_06_02.png,0
553,_-xYjEbedQre2HftBKbNBw_06_03.png,0
554,_-xYjEbedQre2HftBKbNBw_06_04.png,0
555,_-xYjEbedQre2HftBKbNBw_06_05.png,0
556,_-xYjEbedQre2HftBKbNBw_06_06.png,0
557,_-xYjEbedQre2HftBKbNBw_06_07.png,0
558,_-xYjEbedQre2HftBKbNBw_06_08.png,0
559,_-xYjEbedQre2HftBKbNBw_06_09.png,0
560,_-xYjEbedQre2HftBKbNBw_06_10.png,0
561,_-xYjEbedQre2HftBKbNBw_07_01.png,0
562,_-xYjEbedQre2HftBKbNBw_07_02.png,0
563,_-xYjEbedQre2HftBKbNBw_07_03.png,0
564,_-xYjEbedQre2HftBKbNBw_07_04.png,0
565,_-xYjEbedQre2HftBKbNBw_07_05.png,0
566,_-xYjEbedQre2HftBKbNBw_07_06.png,0
567,_-xYjEbedQre2HftBKbNBw_07_07.png,0
568,_-xYjEbedQre2HftBKbNBw_07_08.png,0
569,_-xYjEbedQre2HftBKbNBw_07_09.png,0
570,_-xYjEbedQre2HftBKbNBw_07_10.png,0
571,_-xYjEbedQre2HftBKbNBw_08_01.png,0
572,_-xYjEbedQre2HftBKbNBw_08_02.png,0
573,_-xYjEbedQre2HftBKbNBw_08_03.png,0
574,_-xYjEbedQre2HftBKbNBw_08_04.png,0
575,_-xYjEbedQre2HftBKbNBw_08_05.png,0
576,_-xYjEbedQre2HftBKbNBw_08_06.png,0
577,_-xYjEbedQre2HftBKbNBw_08_07.png,0
578,_-xYjEbedQre2HftBKbNBw_08_08.png,0
579,_-xYjEbedQre2HftBKbNBw_08_09.png,0
580,_-xYjEbedQre2HftBKbNBw_08_10.png,0
581,_-xYjEbedQre2HftBKbNBw_09_01.png,0
582,_-xYjEbedQre2HftBKbNBw_09_02.png,0
583,_-xYjEbedQre2HftBKbNBw_09_03.png,0
584,_-xYjEbedQre2HftBKbNBw_09_04.png,0
585,_-xYjEbedQre2HftBKbNBw_09_05.png,0
586,_-xYjEbedQre2HftBKbNBw_09_06.png,0
587,_-xYjEbedQre2HftBKbNBw_09_07.png,0
588,_-xYjEbedQre2HftBKbNBw_09_08.png,0
589,_-xYjEbedQre2HftBKbNBw_09_09.png,0
590,_-xYjEbedQre2HftBKbNBw_09_10.png,0
591,_-xYjEbedQre2HftBKbNBw_10_01.png,0
592,_-xYjEbedQre2HftBKbNBw_10_02.png,0
593,_-xYjEbedQre2HftBKbNBw_10_03.png,0
594,_-xYjEbedQre2HftBKbNBw_10_04.png,0
595,_-xYjEbedQre2HftBKbNBw_10_05.png,0
596,_-xYjEbedQre2HftBKbNBw_10_06.png,0
597,_-xYjEbedQre2HftBKbNBw_10_07.png,0
598,_-xYjEbedQre2HftBKbNBw_10_08.png,0
599,_-xYjEbedQre2HftBKbNBw_10_09.png,0
600,_-xYjEbedQre2HftBKbNBw_10_10.png,0
601,_-YwLukwQu55W1lALqz7Bg_01_01.png,0
602,_-YwLukwQu55W1lALqz7Bg_01_02.png,0
603,_-YwLukwQu55W1lALqz7Bg_01_03.png,0
604,_-YwLukwQu55W1lALqz7Bg_01_04.png,0
605,_-YwLukwQu55W1lALqz7Bg_01_05.png,0
606,_-YwLukwQu55W1lALqz7Bg_01_06.png,0
607,_-YwLukwQu55W1lALqz7Bg_01_07.png,0
608,_-YwLukwQu55W1lALqz7Bg_01_08.png,0
609,_-YwLukwQu55W1lALqz7Bg_01_09.png,0
610,_-YwLukwQu55W1lALqz7Bg_01_10.png,0
611,_-YwLukwQu55W1lALqz7Bg_02_01.png,0
612,_-YwLukwQu55W1lALqz7Bg_02_02.png,0
613,_-YwLukwQu55W1lALqz7Bg_02_03.png,0
614,_-YwLukwQu55W1lALqz7Bg_02_04.png,0
615,_-YwLukwQu55W1lALqz7Bg_02_05.png,0
616,_-YwLukwQu55W1lALqz7Bg_02_06.png,0
617,_-YwLukwQu55W1lALqz7Bg_02_07.png,0
618,_-YwLukwQu55W1lALqz7Bg_02_08.png,0
619,_-YwLukwQu55W1lALqz7Bg_02_09.png,0
620,_-YwLukwQu55W1lALqz7Bg_02_10.png,0
621,_-YwLukwQu55W1lALqz7Bg_03_01.png,0
622,_-YwLukwQu55W1lALqz7Bg_03_02.png,0
623,_-YwLukwQu55W1lALqz7Bg_03_03.png,0
624,_-YwLukwQu55W1lALqz7Bg_03_04.png,0
625,_-YwLukwQu55W1lALqz7Bg_03_05.png,0
626,_-YwLukwQu55W1lALqz7Bg_03_06.png,0
627,_-YwLukwQu55W1lALqz7Bg_03_07.png,0
628,_-YwLukwQu55W1lALqz7Bg_03_08.png,0
629,_-YwLukwQu55W1lALqz7Bg_03_09.png,0
630,_-YwLukwQu55W1lALqz7Bg_03_10.png,0
631,_-YwLukwQu55W1lALqz7Bg_04_01.png,0
632,_-YwLukwQu55W1lALqz7Bg_04_02.png,0
633,_-YwLukwQu55W1lALqz7Bg_04_03.png,0
634,_-YwLukwQu55W1lALqz7Bg_04_04.png,0
635,_-YwLukwQu55W1lALqz7Bg_04_05.png,0
636,_-YwLukwQu55W1lALqz7Bg_04_06.png,0
637,_-YwLukwQu55W1lALqz7Bg_04_07.png,0
638,_-YwLukwQu55W1lALqz7Bg_04_08.png,0
639,_-YwLukwQu55W1lALqz7Bg_04_09.png,0
640,_-YwLukwQu55W1lALqz7Bg_04_10.png,0
641,_-YwLukwQu55W1lALqz7Bg_05_01.png,0
642,_-YwLukwQu55W1lALqz7Bg_05_02.png,0
643,_-YwLukwQu55W1lALqz7Bg_05_03.png,0
644,_-YwLukwQu55W1lALqz7Bg_05_04.png,0
645,_-YwLukwQu55W1lALqz7Bg_05_05.png,0
646,_-YwLukwQu55W1lALqz7Bg_05_06.png,0
647,_-YwLukwQu55W1lALqz7Bg_05_07.png,0
648,_-YwLukwQu55W1lALqz7Bg_05_08.png,0
649,_-YwLukwQu55W1lALqz7Bg_05_09.png,0
650,_-YwLukwQu55W1lALqz7Bg_05_10.png,0
651,_-YwLukwQu55W1lALqz7Bg_06_01.png,0
652,_-YwLukwQu55W1lALqz7Bg_06_02.png,0
653,_-YwLukwQu55W1lALqz7Bg_06_03.png,1
654,_-YwLukwQu55W1lALqz7Bg_06_04.png,1
655,_-YwLukwQu55W1lALqz7Bg_06_05.png,0
656,_-YwLukwQu55W1lALqz7Bg_06_06.png,0
657,_-YwLukwQu55W1lALqz7Bg_06_07.png,0
658,_-YwLukwQu55W1lALqz7Bg_06_08.png,0
659,_-YwLukwQu55W1lALqz7Bg_06_09.png,0
660,_-YwLukwQu55W1lALqz7Bg_06_10.png,1
661,_-YwLukwQu55W1lALqz7Bg_07_01.png,0
662,_-YwLukwQu55W1lALqz7Bg_07_02.png,0
663,_-YwLukwQu55W1lALqz7Bg_07_03.png,0
664,_-YwLukwQu55W1lALqz7Bg_07_04.png,0
665,_-YwLukwQu55W1lALqz7Bg_07_05.png,0
666,_-YwLukwQu55W1lALqz7Bg_07_06.png,0
667,_-YwLukwQu55W1lALqz7Bg_07_07.png,1
668,_-YwLukwQu55W1lALqz7Bg_07_08.png,1
669,_-YwLukwQu55W1lALqz7Bg_07_09.png,0
670,_-YwLukwQu55W1lALqz7Bg_07_10.png,0
671,_-YwLukwQu55W1lALqz7Bg_08_01.png,0
672,_-YwLukwQu55W1lALqz7Bg_08_02.png,0
673,_-YwLukwQu55W1lALqz7Bg_08_03.png,0
674,_-YwLukwQu55W1lALqz7Bg_08_04.png,0
675,_-YwLukwQu55W1lALqz7Bg_08_05.png,0
676,_-YwLukwQu55W1lALqz7Bg_08_06.png,0
677,_-YwLukwQu55W1lALqz7Bg_08_07.png,0
678,_-YwLukwQu55W1lALqz7Bg_08_08.png,0
679,_-YwLukwQu55W1lALqz7Bg_08_09.png,0
680,_-YwLukwQu55W1lALqz7Bg_08_10.png,0
681,_-YwLukwQu55W1lALqz7Bg_09_01.png,0
682,_-YwLukwQu55W1lALqz7Bg_09_02.png,0
683,_-YwLukwQu55W1lALqz7Bg_09_03.png,0
684,_-YwLukwQu55W1lALqz7Bg_09_04.png,0
685,_-YwLukwQu55W1lALqz7Bg_09_05.png,0
686,_-YwLukwQu55W1lALqz7Bg_09_06.png,0
687,_-YwLukwQu55W1lALqz7Bg_09_07.png,0
688,_-YwLukwQu55W1lALqz7Bg_09_08.png,0
689,_-YwLukwQu55W1lALqz7Bg_09_09.png,0
690,_-YwLukwQu55W1lALqz7Bg_09_10.png,0
691,_-YwLukwQu55W1lALqz7Bg_10_01.png,0
692,_-YwLukwQu55W1lALqz7Bg_10_02.png,0
693,_-YwLukwQu55W1lALqz7Bg_10_03.png,0
694,_-YwLukwQu55W1lALqz7Bg_10_04.png,0
695,_-YwLukwQu55W1lALqz7Bg_10_05.png,0
696,_-YwLukwQu55W1lALqz7Bg_10_06.png,0
697,_-YwLukwQu55W1lALqz7Bg_10_07.png,0
698,_-YwLukwQu55W1lALqz7Bg_10_08.png,0
699,_-YwLukwQu55W1lALqz7Bg_10_09.png,0
700,_-YwLukwQu55W1lALqz7Bg_10_10.png,0
701,_01Kmqw9UZ0dbJrGADn6iA_01_01.png,0
702,_01Kmqw9UZ0dbJrGADn6iA_01_02.png,0
703,_01Kmqw9UZ0dbJrGADn6iA_01_03.png,0
704,_01Kmqw9UZ0dbJrGADn6iA_01_04.png,0
705,_01Kmqw9UZ0dbJrGADn6iA_01_05.png,0
706,_01Kmqw9UZ0dbJrGADn6iA_01_06.png,0
707,_01Kmqw9UZ0dbJrGADn6iA_01_07.png,0
708,_01Kmqw9UZ0dbJrGADn6iA_01_08.png,0
709,_01Kmqw9UZ0dbJrGADn6iA_01_09.png,0
710,_01Kmqw9UZ0dbJrGADn6iA_01_10.png,0
711,_01Kmqw9UZ0dbJrGADn6iA_02_01.png,0
712,_01Kmqw9UZ0dbJrGADn6iA_02_02.png,0
713,_01Kmqw9UZ0dbJrGADn6iA_02_03.png,0
714,_01Kmqw9UZ0dbJrGADn6iA_02_04.png,0
715,_01Kmqw9UZ0dbJrGADn6iA_02_05.png,0
716,_01Kmqw9UZ0dbJrGADn6iA_02_06.png,0
717,_01Kmqw9UZ0dbJrGADn6iA_02_07.png,0
718,_01Kmqw9UZ0dbJrGADn6iA_02_08.png,0
719,_01Kmqw9UZ0dbJrGADn6iA_02_09.png,0
720,_01Kmqw9UZ0dbJrGADn6iA_02_10.png,0
721,_01Kmqw9UZ0dbJrGADn6iA_03_01.png,0
722,_01Kmqw9UZ0dbJrGADn6iA_03_02.png,0
723,_01Kmqw9UZ0dbJrGADn6iA_03_03.png,0
724,_01Kmqw9UZ0dbJrGADn6iA_03_04.png,0
725,_01Kmqw9UZ0dbJrGADn6iA_03_05.png,0
726,_01Kmqw9UZ0dbJrGADn6iA_03_06.png,0
727,_01Kmqw9UZ0dbJrGADn6iA_03_07.png,0
728,_01Kmqw9UZ0dbJrGADn6iA_03_08.png,0
729,_01Kmqw9UZ0dbJrGADn6iA_03_09.png,0
730,_01Kmqw9UZ0dbJrGADn6iA_03_10.png,0
731,_01Kmqw9UZ0dbJrGADn6iA_04_01.png,0
732,_01Kmqw9UZ0dbJrGADn6iA_04_02.png,0
733,_01Kmqw9UZ0dbJrGADn6iA_04_03.png,0
734,_01Kmqw9UZ0dbJrGADn6iA_04_04.png,0
735,_01Kmqw9UZ0dbJrGADn6iA_04_05.png,0
736,_01Kmqw9UZ0dbJrGADn6iA_04_06.png,0
737,_01Kmqw9UZ0dbJrGADn6iA_04_07.png,0
738,_01Kmqw9UZ0dbJrGADn6iA_04_08.png,0
739,_01Kmqw9UZ0dbJrGADn6iA_04_09.png,0
740,_01Kmqw9UZ0dbJrGADn6iA_04_10.png,0
741,_01Kmqw9UZ0dbJrGADn6iA_05_01.png,0
742,_01Kmqw9UZ0dbJrGADn6iA_05_02.png,0
743,_01Kmqw9UZ0dbJrGADn6iA_05_03.png,0
744,_01Kmqw9UZ0dbJrGADn6iA_05_04.png,0
745,_01Kmqw9UZ0dbJrGADn6iA_05_05.png,0
746,_01Kmqw9UZ0dbJrGADn6iA_05_06.png,0
747,_01Kmqw9UZ0dbJrGADn6iA_05_07.png,0
748,_01Kmqw9UZ0dbJrGADn6iA_05_08.png,0
749,_01Kmqw9UZ0dbJrGADn6iA_05_09.png,0
750,_01Kmqw9UZ0dbJrGADn6iA_05_10.png,0
751,_01Kmqw9UZ0dbJrGADn6iA_06_01.png,1
752,_01Kmqw9UZ0dbJrGADn6iA_06_02.png,1
753,_01Kmqw9UZ0dbJrGADn6iA_06_03.png,0
754,_01Kmqw9UZ0dbJrGADn6iA_06_04.png,0
755,_01Kmqw9UZ0dbJrGADn6iA_06_05.png,0
756,_01Kmqw9UZ0dbJrGADn6iA_06_06.png,0
757,_01Kmqw9UZ0dbJrGADn6iA_06_07.png,0
758,_01Kmqw9UZ0dbJrGADn6iA_06_08.png,1
759,_01Kmqw9UZ0dbJrGADn6iA_06_09.png,0
760,_01Kmqw9UZ0dbJrGADn6iA_06_10.png,1
761,_01Kmqw9UZ0dbJrGADn6iA_07_01.png,0
762,_01Kmqw9UZ0dbJrGADn6iA_07_02.png,0
763,_01Kmqw9UZ0dbJrGADn6iA_07_03.png,0
764,_01Kmqw9UZ0dbJrGADn6iA_07_04.png,0
765,_01Kmqw9UZ0dbJrGADn6iA_07_05.png,0
766,_01Kmqw9UZ0dbJrGADn6iA_07_06.png,0
767,_01Kmqw9UZ0dbJrGADn6iA_07_07.png,1
768,_01Kmqw9UZ0dbJrGADn6iA_07_08.png,0
769,_01Kmqw9UZ0dbJrGADn6iA_07_09.png,0
770,_01Kmqw9UZ0dbJrGADn6iA_07_10.png,0
771,_01Kmqw9UZ0dbJrGADn6iA_08_01.png,0
772,_01Kmqw9UZ0dbJrGADn6iA_08_02.png,0
773,_01Kmqw9UZ0dbJrGADn6iA_08_03.png,0
774,_01Kmqw9UZ0dbJrGADn6iA_08_04.png,0
775,_01Kmqw9UZ0dbJrGADn6iA_08_05.png,0
776,_01Kmqw9UZ0dbJrGADn6iA_08_06.png,0
777,_01Kmqw9UZ0dbJrGADn6iA_08_07.png,0
778,_01Kmqw9UZ0dbJrGADn6iA_08_08.png,0
779,_01Kmqw9UZ0dbJrGADn6iA_08_09.png,0
780,_01Kmqw9UZ0dbJrGADn6iA_08_10.png,0
781,_01Kmqw9UZ0dbJrGADn6iA_09_01.png,0
782,_01Kmqw9UZ0dbJrGADn6iA_09_02.png,0
783,_01Kmqw9UZ0dbJrGADn6iA_09_03.png,0
784,_01Kmqw9UZ0dbJrGADn6iA_09_04.png,0
785,_01Kmqw9UZ0dbJrGADn6iA_09_05.png,0
786,_01Kmqw9UZ0dbJrGADn6iA_09_06.png,0
787,_01Kmqw9UZ0dbJrGADn6iA_09_07.png,0
788,_01Kmqw9UZ0dbJrGADn6iA_09_08.png,0
789,_01Kmqw9UZ0dbJrGADn6iA_09_09.png,0
790,_01Kmqw9UZ0dbJrGADn6iA_09_10.png,0
791,_01Kmqw9UZ0dbJrGADn6iA_10_01.png,0
792,_01Kmqw9UZ0dbJrGADn6iA_10_02.png,0
793,_01Kmqw9UZ0dbJrGADn6iA_10_03.png,0
794,_01Kmqw9UZ0dbJrGADn6iA_10_04.png,0
795,_01Kmqw9UZ0dbJrGADn6iA_10_05.png,0
796,_01Kmqw9UZ0dbJrGADn6iA_10_06.png,0
797,_01Kmqw9UZ0dbJrGADn6iA_10_07.png,0
798,_01Kmqw9UZ0dbJrGADn6iA_10_08.png,0
799,_01Kmqw9UZ0dbJrGADn6iA_10_09.png,0
800,_01Kmqw9UZ0dbJrGADn6iA_10_10.png,0
801,_0du0AealKhInRkYyX4q-g_01_01.png,0
802,_0du0AealKhInRkYyX4q-g_01_02.png,0
803,_0du0AealKhInRkYyX4q-g_01_03.png,0
804,_0du0AealKhInRkYyX4q-g_01_04.png,0
805,_0du0AealKhInRkYyX4q-g_01_05.png,0
806,_0du0AealKhInRkYyX4q-g_01_06.png,0
807,_0du0AealKhInRkYyX4q-g_01_07.png,0
808,_0du0AealKhInRkYyX4q-g_01_08.png,0
809,_0du0AealKhInRkYyX4q-g_01_09.png,0
810,_0du0AealKhInRkYyX4q-g_01_10.png,0
811,_0du0AealKhInRkYyX4q-g_02_01.png,0
812,_0du0AealKhInRkYyX4q-g_02_02.png,0
813,_0du0AealKhInRkYyX4q-g_02_03.png,0
814,_0du0AealKhInRkYyX4q-g_02_04.png,0
815,_0du0AealKhInRkYyX4q-g_02_05.png,0
816,_0du0AealKhInRkYyX4q-g_02_06.png,0
817,_0du0AealKhInRkYyX4q-g_02_07.png,0
818,_0du0AealKhInRkYyX4q-g_02_08.png,0
819,_0du0AealKhInRkYyX4q-g_02_09.png,0
820,_0du0AealKhInRkYyX4q-g_02_10.png,0
821,_0du0AealKhInRkYyX4q-g_03_01.png,0
822,_0du0AealKhInRkYyX4q-g_03_02.png,0
823,_0du0AealKhInRkYyX4q-g_03_03.png,0
824,_0du0AealKhInRkYyX4q-g_03_04.png,0
825,_0du0AealKhInRkYyX4q-g_03_05.png,0
826,_0du0AealKhInRkYyX4q-g_03_06.png,0
827,_0du0AealKhInRkYyX4q-g_03_07.png,0
828,_0du0AealKhInRkYyX4q-g_03_08.png,0
829,_0du0AealKhInRkYyX4q-g_03_09.png,0
830,_0du0AealKhInRkYyX4q-g_03_10.png,0
831,_0du0AealKhInRkYyX4q-g_04_01.png,0
832,_0du0AealKhInRkYyX4q-g_04_02.png,0
833,_0du0AealKhInRkYyX4q-g_04_03.png,0
834,_0du0AealKhInRkYyX4q-g_04_04.png,0
835,_0du0AealKhInRkYyX4q-g_04_05.png,0
836,_0du0AealKhInRkYyX4q-g_04_06.png,0
837,_0du0AealKhInRkYyX4q-g_04_07.png,0
838,_0du0AealKhInRkYyX4q-g_04_08.png,0
839,_0du0AealKhInRkYyX4q-g_04_09.png,0
840,_0du0AealKhInRkYyX4q-g_04_10.png,0
841,_0du0AealKhInRkYyX4q-g_05_01.png,0
842,_0du0AealKhInRkYyX4q-g_05_02.png,0
843,_0du0AealKhInRkYyX4q-g_05_03.png,0
844,_0du0AealKhInRkYyX4q-g_05_04.png,0
845,_0du0AealKhInRkYyX4q-g_05_05.png,0
846,_0du0AealKhInRkYyX4q-g_05_06.png,0
847,_0du0AealKhInRkYyX4q-g_05_07.png,0
848,_0du0AealKhInRkYyX4q-g_05_08.png,0
849,_0du0AealKhInRkYyX4q-g_05_09.png,0
850,_0du0AealKhInRkYyX4q-g_05_10.png,0
851,_0du0AealKhInRkYyX4q-g_06_01.png,0
852,_0du0AealKhInRkYyX4q-g_06_02.png,0
853,_0du0AealKhInRkYyX4q-g_06_03.png,0
854,_0du0AealKhInRkYyX4q-g_06_04.png,0
855,_0du0AealKhInRkYyX4q-g_06_05.png,1
856,_0du0AealKhInRkYyX4q-g_06_06.png,1
857,_0du0AealKhInRkYyX4q-g_06_07.png,0
858,_0du0AealKhInRkYyX4q-g_06_08.png,0
859,_0du0AealKhInRkYyX4q-g_06_09.png,0
860,_0du0AealKhInRkYyX4q-g_06_10.png,0
861,_0du0AealKhInRkYyX4q-g_07_01.png,0
862,_0du0AealKhInRkYyX4q-g_07_02.png,0
863,_0du0AealKhInRkYyX4q-g_07_03.png,0
864,_0du0AealKhInRkYyX4q-g_07_04.png,0
865,_0du0AealKhInRkYyX4q-g_07_05.png,0
866,_0du0AealKhInRkYyX4q-g_07_06.png,0
867,_0du0AealKhInRkYyX4q-g_07_07.png,0
868,_0du0AealKhInRkYyX4q-g_07_08.png,0
869,_0du0AealKhInRkYyX4q-g_07_09.png,0
870,_0du0AealKhInRkYyX4q-g_07_10.png,0
871,_0du0AealKhInRkYyX4q-g_08_01.png,0
872,_0du0AealKhInRkYyX4q-g_08_02.png,0
873,_0du0AealKhInRkYyX4q-g_08_03.png,0
874,_0du0AealKhInRkYyX4q-g_08_04.png,0
875,_0du0AealKhInRkYyX4q-g_08_05.png,0
876,_0du0AealKhInRkYyX4q-g_08_06.png,0
877,_0du0AealKhInRkYyX4q-g_08_07.png,0
878,_0du0AealKhInRkYyX4q-g_08_08.png,0
879,_0du0AealKhInRkYyX4q-g_08_09.png,0
880,_0du0AealKhInRkYyX4q-g_08_10.png,0
881,_0du0AealKhInRkYyX4q-g_09_01.png,0
882,_0du0AealKhInRkYyX4q-g_09_02.png,0
883,_0du0AealKhInRkYyX4q-g_09_03.png,0
884,_0du0AealKhInRkYyX4q-g_09_04.png,0
885,_0du0AealKhInRkYyX4q-g_09_05.png,0
886,_0du0AealKhInRkYyX4q-g_09_06.png,0
887,_0du0AealKhInRkYyX4q-g_09_07.png,0
888,_0du0AealKhInRkYyX4q-g_09_08.png,0
889,_0du0AealKhInRkYyX4q-g_09_09.png,0
890,_0du0AealKhInRkYyX4q-g_09_10.png,0
891,_0du0AealKhInRkYyX4q-g_10_01.png,0
892,_0du0AealKhInRkYyX4q-g_10_02.png,0
893,_0du0AealKhInRkYyX4q-g_10_03.png,0
894,_0du0AealKhInRkYyX4q-g_10_04.png,0
895,_0du0AealKhInRkYyX4q-g_10_05.png,0
896,_0du0AealKhInRkYyX4q-g_10_06.png,0
897,_0du0AealKhInRkYyX4q-g_10_07.png,0
898,_0du0AealKhInRkYyX4q-g_10_08.png,0
899,_0du0AealKhInRkYyX4q-g_10_09.png,0
900,_0du0AealKhInRkYyX4q-g_10_10.png,0
901,_0gImOyWPNAq9OsMOAn26Q_01_01.png,0
902,_0gImOyWPNAq9OsMOAn26Q_01_02.png,0
903,_0gImOyWPNAq9OsMOAn26Q_01_03.png,0
904,_0gImOyWPNAq9OsMOAn26Q_01_04.png,0
905,_0gImOyWPNAq9OsMOAn26Q_01_05.png,0
906,_0gImOyWPNAq9OsMOAn26Q_01_06.png,0
907,_0gImOyWPNAq9OsMOAn26Q_01_07.png,0
908,_0gImOyWPNAq9OsMOAn26Q_01_08.png,0
909,_0gImOyWPNAq9OsMOAn26Q_01_09.png,0
910,_0gImOyWPNAq9OsMOAn26Q_01_10.png,0
911,_0gImOyWPNAq9OsMOAn26Q_02_01.png,0
912,_0gImOyWPNAq9OsMOAn26Q_02_02.png,0
913,_0gImOyWPNAq9OsMOAn26Q_02_03.png,0
914,_0gImOyWPNAq9OsMOAn26Q_02_04.png,0
915,_0gImOyWPNAq9OsMOAn26Q_02_05.png,0
916,_0gImOyWPNAq9OsMOAn26Q_02_06.png,0
917,_0gImOyWPNAq9OsMOAn26Q_02_07.png,0
918,_0gImOyWPNAq9OsMOAn26Q_02_08.png,0
919,_0gImOyWPNAq9OsMOAn26Q_02_09.png,0
920,_0gImOyWPNAq9OsMOAn26Q_02_10.png,0
921,_0gImOyWPNAq9OsMOAn26Q_03_01.png,0
922,_0gImOyWPNAq9OsMOAn26Q_03_02.png,0
923,_0gImOyWPNAq9OsMOAn26Q_03_03.png,0
924,_0gImOyWPNAq9OsMOAn26Q_03_04.png,0
925,_0gImOyWPNAq9OsMOAn26Q_03_05.png,0
926,_0gImOyWPNAq9OsMOAn26Q_03_06.png,0
927,_0gImOyWPNAq9OsMOAn26Q_03_07.png,0
928,_0gImOyWPNAq9OsMOAn26Q_03_08.png,0
929,_0gImOyWPNAq9OsMOAn26Q_03_09.png,0
930,_0gImOyWPNAq9OsMOAn26Q_03_10.png,0
931,_0gImOyWPNAq9OsMOAn26Q_04_01.png,0
932,_0gImOyWPNAq9OsMOAn26Q_04_02.png,0
933,_0gImOyWPNAq9OsMOAn26Q_04_03.png,0
934,_0gImOyWPNAq9OsMOAn26Q_04_04.png,0
935,_0gImOyWPNAq9OsMOAn26Q_04_05.png,0
936,_0gImOyWPNAq9OsMOAn26Q_04_06.png,0
937,_0gImOyWPNAq9OsMOAn26Q_04_07.png,0
938,_0gImOyWPNAq9OsMOAn26Q_04_08.png,0
939,_0gImOyWPNAq9OsMOAn26Q_04_09.png,0
940,_0gImOyWPNAq9OsMOAn26Q_04_10.png,0
941,_0gImOyWPNAq9OsMOAn26Q_05_01.png,0
942,_0gImOyWPNAq9OsMOAn26Q_05_02.png,0
943,_0gImOyWPNAq9OsMOAn26Q_05_03.png,0
944,_0gImOyWPNAq9OsMOAn26Q_05_04.png,0
945,_0gImOyWPNAq9OsMOAn26Q_05_05.png,0
946,_0gImOyWPNAq9OsMOAn26Q_05_06.png,0
947,_0gImOyWPNAq9OsMOAn26Q_05_07.png,0
948,_0gImOyWPNAq9OsMOAn26Q_05_08.png,0
949,_0gImOyWPNAq9OsMOAn26Q_05_09.png,0
950,_0gImOyWPNAq9OsMOAn26Q_05_10.png,0
951,_0gImOyWPNAq9OsMOAn26Q_06_01.png,1
952,_0gImOyWPNAq9OsMOAn26Q_06_02.png,0
953,_0gImOyWPNAq9OsMOAn26Q_06_03.png,0
954,_0gImOyWPNAq9OsMOAn26Q_06_04.png,0
955,_0gImOyWPNAq9OsMOAn26Q_06_05.png,0
956,_0gImOyWPNAq9OsMOAn26Q_06_06.png,0
957,_0gImOyWPNAq9OsMOAn26Q_06_07.png,0
958,_0gImOyWPNAq9OsMOAn26Q_06_08.png,0
959,_0gImOyWPNAq9OsMOAn26Q_06_09.png,0
960,_0gImOyWPNAq9OsMOAn26Q_06_10.png,0
961,_0gImOyWPNAq9OsMOAn26Q_07_01.png,0
962,_0gImOyWPNAq9OsMOAn26Q_07_02.png,0
963,_0gImOyWPNAq9OsMOAn26Q_07_03.png,0
964,_0gImOyWPNAq9OsMOAn26Q_07_04.png,0
965,_0gImOyWPNAq9OsMOAn26Q_07_05.png,0
966,_0gImOyWPNAq9OsMOAn26Q_07_06.png,0
967,_0gImOyWPNAq9OsMOAn26Q_07_07.png,0
968,_0gImOyWPNAq9OsMOAn26Q_07_08.png,0
969,_0gImOyWPNAq9OsMOAn26Q_07_09.png,0
970,_0gImOyWPNAq9OsMOAn26Q_07_10.png,0
971,_0gImOyWPNAq9OsMOAn26Q_08_01.png,0
972,_0gImOyWPNAq9OsMOAn26Q_08_02.png,0
973,_0gImOyWPNAq9OsMOAn26Q_08_03.png,0
974,_0gImOyWPNAq9OsMOAn26Q_08_04.png,0
975,_0gImOyWPNAq9OsMOAn26Q_08_05.png,0
976,_0gImOyWPNAq9OsMOAn26Q_08_06.png,0
977,_0gImOyWPNAq9OsMOAn26Q_08_07.png,0
978,_0gImOyWPNAq9OsMOAn26Q_08_08.png,0
979,_0gImOyWPNAq9OsMOAn26Q_08_09.png,0
980,_0gImOyWPNAq9OsMOAn26Q_08_10.png,0
981,_0gImOyWPNAq9OsMOAn26Q_09_01.png,0
982,_0gImOyWPNAq9OsMOAn26Q_09_02.png,0
983,_0gImOyWPNAq9OsMOAn26Q_09_03.png,0
984,_0gImOyWPNAq9OsMOAn26Q_09_04.png,0
985,_0gImOyWPNAq9OsMOAn26Q_09_05.png,0
986,_0gImOyWPNAq9OsMOAn26Q_09_06.png,0
987,_0gImOyWPNAq9OsMOAn26Q_09_07.png,0
988,_0gImOyWPNAq9OsMOAn26Q_09_08.png,0
989,_0gImOyWPNAq9OsMOAn26Q_09_09.png,0
990,_0gImOyWPNAq9OsMOAn26Q_09_10.png,0
991,_0gImOyWPNAq9OsMOAn26Q_10_01.png,0
992,_0gImOyWPNAq9OsMOAn26Q_10_02.png,0
993,_0gImOyWPNAq9OsMOAn26Q_10_03.png,0
994,_0gImOyWPNAq9OsMOAn26Q_10_04.png,0
995,_0gImOyWPNAq9OsMOAn26Q_10_05.png,0
996,_0gImOyWPNAq9OsMOAn26Q_10_06.png,0
997,_0gImOyWPNAq9OsMOAn26Q_10_07.png,0
998,_0gImOyWPNAq9OsMOAn26Q_10_08.png,0
999,_0gImOyWPNAq9OsMOAn26Q_10_09.png,0
1000,_0gImOyWPNAq9OsMOAn26Q_10_10.png,0
1001,_15ziZkznrWuff8ESl93eg_01_01.png,0
1002,_15ziZkznrWuff8ESl93eg_01_02.png,0
1003,_15ziZkznrWuff8ESl93eg_01_03.png,0
1004,_15ziZkznrWuff8ESl93eg_01_04.png,0
1005,_15ziZkznrWuff8ESl93eg_01_05.png,0
1006,_15ziZkznrWuff8ESl93eg_01_06.png,0
1007,_15ziZkznrWuff8ESl93eg_01_07.png,0
1008,_15ziZkznrWuff8ESl93eg_01_08.png,0
1009,_15ziZkznrWuff8ESl93eg_01_09.png,0
1010,_15ziZkznrWuff8ESl93eg_01_10.png,0
1011,_15ziZkznrWuff8ESl93eg_02_01.png,0
1012,_15ziZkznrWuff8ESl93eg_02_02.png,0
1013,_15ziZkznrWuff8ESl93eg_02_03.png,0
1014,_15ziZkznrWuff8ESl93eg_02_04.png,0
1015,_15ziZkznrWuff8ESl93eg_02_05.png,0
1016,_15ziZkznrWuff8ESl93eg_02_06.png,0
1017,_15ziZkznrWuff8ESl93eg_02_07.png,0
1018,_15ziZkznrWuff8ESl93eg_02_08.png,0
1019,_15ziZkznrWuff8ESl93eg_02_09.png,0
1020,_15ziZkznrWuff8ESl93eg_02_10.png,0
1021,_15ziZkznrWuff8ESl93eg_03_01.png,0
1022,_15ziZkznrWuff8ESl93eg_03_02.png,0
1023,_15ziZkznrWuff8ESl93eg_03_03.png,0
1024,_15ziZkznrWuff8ESl93eg_03_04.png,0
1025,_15ziZkznrWuff8ESl93eg_03_05.png,0
1026,_15ziZkznrWuff8ESl93eg_03_06.png,0
1027,_15ziZkznrWuff8ESl93eg_03_07.png,0
1028,_15ziZkznrWuff8ESl93eg_03_08.png,0
1029,_15ziZkznrWuff8ESl93eg_03_09.png,0
1030,_15ziZkznrWuff8ESl93eg_03_10.png,0
1031,_15ziZkznrWuff8ESl93eg_04_01.png,0
1032,_15ziZkznrWuff8ESl93eg_04_02.png,0
1033,_15ziZkznrWuff8ESl93eg_04_03.png,0
1034,_15ziZkznrWuff8ESl93eg_04_04.png,0
1035,_15ziZkznrWuff8ESl93eg_04_05.png,0
1036,_15ziZkznrWuff8ESl93eg_04_06.png,0
1037,_15ziZkznrWuff8ESl93eg_04_07.png,0
1038,_15ziZkznrWuff8ESl93eg_04_08.png,0
1039,_15ziZkznrWuff8ESl93eg_04_09.png,0
1040,_15ziZkznrWuff8ESl93eg_04_10.png,0
1041,_15ziZkznrWuff8ESl93eg_05_01.png,0
1042,_15ziZkznrWuff8ESl93eg_05_02.png,0
1043,_15ziZkznrWuff8ESl93eg_05_03.png,0
1044,_15ziZkznrWuff8ESl93eg_05_04.png,0
1045,_15ziZkznrWuff8ESl93eg_05_05.png,0
1046,_15ziZkznrWuff8ESl93eg_05_06.png,0
1047,_15ziZkznrWuff8ESl93eg_05_07.png,0
1048,_15ziZkznrWuff8ESl93eg_05_08.png,0
1049,_15ziZkznrWuff8ESl93eg_05_09.png,0
1050,_15ziZkznrWuff8ESl93eg_05_10.png,0
1051,_15ziZkznrWuff8ESl93eg_06_01.png,0
1052,_15ziZkznrWuff8ESl93eg_06_02.png,0
1053,_15ziZkznrWuff8ESl93eg_06_03.png,0
1054,_15ziZkznrWuff8ESl93eg_06_04.png,0
1055,_15ziZkznrWuff8ESl93eg_06_05.png,0
1056,_15ziZkznrWuff8ESl93eg_06_06.png,0
1057,_15ziZkznrWuff8ESl93eg_06_07.png,0
1058,_15ziZkznrWuff8ESl93eg_06_08.png,0
1059,_15ziZkznrWuff8ESl93eg_06_09.png,0
1060,_15ziZkznrWuff8ESl93eg_06_10.png,0
1061,_15ziZkznrWuff8ESl93eg_07_01.png,0
1062,_15ziZkznrWuff8ESl93eg_07_02.png,0
1063,_15ziZkznrWuff8ESl93eg_07_03.png,0
1064,_15ziZkznrWuff8ESl93eg_07_04.png,0
1065,_15ziZkznrWuff8ESl93eg_07_05.png,0
1066,_15ziZkznrWuff8ESl93eg_07_06.png,0
1067,_15ziZkznrWuff8ESl93eg_07_07.png,0
1068,_15ziZkznrWuff8ESl93eg_07_08.png,0
1069,_15ziZkznrWuff8ESl93eg_07_09.png,0
1070,_15ziZkznrWuff8ESl93eg_07_10.png,0
1071,_15ziZkznrWuff8ESl93eg_08_01.png,0
1072,_15ziZkznrWuff8ESl93eg_08_02.png,0
1073,_15ziZkznrWuff8ESl93eg_08_03.png,0
1074,_15ziZkznrWuff8ESl93eg_08_04.png,0
1075,_15ziZkznrWuff8ESl93eg_08_05.png,0
1076,_15ziZkznrWuff8ESl93eg_08_06.png,0
1077,_15ziZkznrWuff8ESl93eg_08_07.png,0
1078,_15ziZkznrWuff8ESl93eg_08_08.png,0
1079,_15ziZkznrWuff8ESl93eg_08_09.png,0
1080,_15ziZkznrWuff8ESl93eg_08_10.png,0
1081,_15ziZkznrWuff8ESl93eg_09_01.png,0
1082,_15ziZkznrWuff8ESl93eg_09_02.png,0
1083,_15ziZkznrWuff8ESl93eg_09_03.png,0
1084,_15ziZkznrWuff8ESl93eg_09_04.png,0
1085,_15ziZkznrWuff8ESl93eg_09_05.png,0
1086,_15ziZkznrWuff8ESl93eg_09_06.png,0
1087,_15ziZkznrWuff8ESl93eg_09_07.png,0
1088,_15ziZkznrWuff8ESl93eg_09_08.png,0
1089,_15ziZkznrWuff8ESl93eg_09_09.png,0
1090,_15ziZkznrWuff8ESl93eg_09_10.png,0
1091,_15ziZkznrWuff8ESl93eg_10_01.png,0
1092,_15ziZkznrWuff8ESl93eg_10_02.png,0
1093,_15ziZkznrWuff8ESl93eg_10_03.png,0
1094,_15ziZkznrWuff8ESl93eg_10_04.png,0
1095,_15ziZkznrWuff8ESl93eg_10_05.png,0
1096,_15ziZkznrWuff8ESl93eg_10_06.png,0
1097,_15ziZkznrWuff8ESl93eg_10_07.png,0
1098,_15ziZkznrWuff8ESl93eg_10_08.png,0
1099,_15ziZkznrWuff8ESl93eg_10_09.png,0
1100,_15ziZkznrWuff8ESl93eg_10_10.png,0
1101,_1niUNak0cLcC_36s_GNmA_01_01.png,0
1102,_1niUNak0cLcC_36s_GNmA_01_02.png,0
1103,_1niUNak0cLcC_36s_GNmA_01_03.png,0
1104,_1niUNak0cLcC_36s_GNmA_01_04.png,0
1105,_1niUNak0cLcC_36s_GNmA_01_05.png,0
1106,_1niUNak0cLcC_36s_GNmA_01_06.png,0
1107,_1niUNak0cLcC_36s_GNmA_01_07.png,0
1108,_1niUNak0cLcC_36s_GNmA_01_08.png,0
1109,_1niUNak0cLcC_36s_GNmA_01_09.png,0
1110,_1niUNak0cLcC_36s_GNmA_01_10.png,0
1111,_1niUNak0cLcC_36s_GNmA_02_01.png,0
1112,_1niUNak0cLcC_36s_GNmA_02_02.png,0
1113,_1niUNak0cLcC_36s_GNmA_02_03.png,0
1114,_1niUNak0cLcC_36s_GNmA_02_04.png,0
1115,_1niUNak0cLcC_36s_GNmA_02_05.png,0
1116,_1niUNak0cLcC_36s_GNmA_02_06.png,0
1117,_1niUNak0cLcC_36s_GNmA_02_07.png,0
1118,_1niUNak0cLcC_36s_GNmA_02_08.png,0
1119,_1niUNak0cLcC_36s_GNmA_02_09.png,0
1120,_1niUNak0cLcC_36s_GNmA_02_10.png,0
1121,_1niUNak0cLcC_36s_GNmA_03_01.png,0
1122,_1niUNak0cLcC_36s_GNmA_03_02.png,0
1123,_1niUNak0cLcC_36s_GNmA_03_03.png,0
1124,_1niUNak0cLcC_36s_GNmA_03_04.png,0
1125,_1niUNak0cLcC_36s_GNmA_03_05.png,0
1126,_1niUNak0cLcC_36s_GNmA_03_06.png,0
1127,_1niUNak0cLcC_36s_GNmA_03_07.png,0
1128,_1niUNak0cLcC_36s_GNmA_03_08.png,0
1129,_1niUNak0cLcC_36s_GNmA_03_09.png,0
1130,_1niUNak0cLcC_36s_GNmA_03_10.png,0
1131,_1niUNak0cLcC_36s_GNmA_04_01.png,0
1132,_1niUNak0cLcC_36s_GNmA_04_02.png,0
1133,_1niUNak0cLcC_36s_GNmA_04_03.png,0
1134,_1niUNak0cLcC_36s_GNmA_04_04.png,0
1135,_1niUNak0cLcC_36s_GNmA_04_05.png,0
1136,_1niUNak0cLcC_36s_GNmA_04_06.png,0
1137,_1niUNak0cLcC_36s_GNmA_04_07.png,0
1138,_1niUNak0cLcC_36s_GNmA_04_08.png,0
1139,_1niUNak0cLcC_36s_GNmA_04_09.png,0
1140,_1niUNak0cLcC_36s_GNmA_04_10.png,0
1141,_1niUNak0cLcC_36s_GNmA_05_01.png,0
1142,_1niUNak0cLcC_36s_GNmA_05_02.png,0
1143,_1niUNak0cLcC_36s_GNmA_05_03.png,0
1144,_1niUNak0cLcC_36s_GNmA_05_04.png,0
1145,_1niUNak0cLcC_36s_GNmA_05_05.png,0
1146,_1niUNak0cLcC_36s_GNmA_05_06.png,0
1147,_1niUNak0cLcC_36s_GNmA_05_07.png,0
1148,_1niUNak0cLcC_36s_GNmA_05_08.png,0
1149,_1niUNak0cLcC_36s_GNmA_05_09.png,0
1150,_1niUNak0cLcC_36s_GNmA_05_10.png,0
1151,_1niUNak0cLcC_36s_GNmA_06_01.png,0
1152,_1niUNak0cLcC_36s_GNmA_06_02.png,0
1153,_1niUNak0cLcC_36s_GNmA_06_03.png,0
1154,_1niUNak0cLcC_36s_GNmA_06_04.png,0
1155,_1niUNak0cLcC_36s_GNmA_06_05.png,0
1156,_1niUNak0cLcC_36s_GNmA_06_06.png,0
1157,_1niUNak0cLcC_36s_GNmA_06_07.png,0
1158,_1niUNak0cLcC_36s_GNmA_06_08.png,0
1159,_1niUNak0cLcC_36s_GNmA_06_09.png,0
1160,_1niUNak0cLcC_36s_GNmA_06_10.png,0
1161,_1niUNak0cLcC_36s_GNmA_07_01.png,0
1162,_1niUNak0cLcC_36s_GNmA_07_02.png,0
1163,_1niUNak0cLcC_36s_GNmA_07_03.png,0
1164,_1niUNak0cLcC_36s_GNmA_07_04.png,0
1165,_1niUNak0cLcC_36s_GNmA_07_05.png,0
1166,_1niUNak0cLcC_36s_GNmA_07_06.png,0
1167,_1niUNak0cLcC_36s_GNmA_07_07.png,0
1168,_1niUNak0cLcC_36s_GNmA_07_08.png,0
1169,_1niUNak0cLcC_36s_GNmA_07_09.png,0
1170,_1niUNak0cLcC_36s_GNmA_07_10.png,0
1171,_1niUNak0cLcC_36s_GNmA_08_01.png,0
1172,_1niUNak0cLcC_36s_GNmA_08_02.png,0
1173,_1niUNak0cLcC_36s_GNmA_08_03.png,0
1174,_1niUNak0cLcC_36s_GNmA_08_04.png,0
1175,_1niUNak0cLcC_36s_GNmA_08_05.png,0
1176,_1niUNak0cLcC_36s_GNmA_08_06.png,0
1177,_1niUNak0cLcC_36s_GNmA_08_07.png,0
1178,_1niUNak0cLcC_36s_GNmA_08_08.png,0
1179,_1niUNak0cLcC_36s_GNmA_08_09.png,0
1180,_1niUNak0cLcC_36s_GNmA_08_10.png,0
1181,_1niUNak0cLcC_36s_GNmA_09_01.png,0
1182,_1niUNak0cLcC_36s_GNmA_09_02.png,0
1183,_1niUNak0cLcC_36s_GNmA_09_03.png,0
1184,_1niUNak0cLcC_36s_GNmA_09_04.png,0
1185,_1niUNak0cLcC_36s_GNmA_09_05.png,0
1186,_1niUNak0cLcC_36s_GNmA_09_06.png,0
1187,_1niUNak0cLcC_36s_GNmA_09_07.png,0
1188,_1niUNak0cLcC_36s_GNmA_09_08.png,0
1189,_1niUNak0cLcC_36s_GNmA_09_09.png,0
1190,_1niUNak0cLcC_36s_GNmA_09_10.png,0
1191,_1niUNak0cLcC_36s_GNmA_10_01.png,0
1192,_1niUNak0cLcC_36s_GNmA_10_02.png,0
1193,_1niUNak0cLcC_36s_GNmA_10_03.png,0
1194,_1niUNak0cLcC_36s_GNmA_10_04.png,0
1195,_1niUNak0cLcC_36s_GNmA_10_05.png,0
1196,_1niUNak0cLcC_36s_GNmA_10_06.png,0
1197,_1niUNak0cLcC_36s_GNmA_10_07.png,0
1198,_1niUNak0cLcC_36s_GNmA_10_08.png,0
1199,_1niUNak0cLcC_36s_GNmA_10_09.png,0
1200,_1niUNak0cLcC_36s_GNmA_10_10.png,0
1201,__AoesSmooftHkJ0nXxr1A_01_01.png,0
1202,__AoesSmooftHkJ0nXxr1A_01_02.png,0
1203,__AoesSmooftHkJ0nXxr1A_01_03.png,0
1204,__AoesSmooftHkJ0nXxr1A_01_04.png,0
1205,__AoesSmooftHkJ0nXxr1A_01_05.png,0
1206,__AoesSmooftHkJ0nXxr1A_01_06.png,0
1207,__AoesSmooftHkJ0nXxr1A_01_07.png,0
1208,__AoesSmooftHkJ0nXxr1A_01_08.png,0
1209,__AoesSmooftHkJ0nXxr1A_01_09.png,0
1210,__AoesSmooftHkJ0nXxr1A_01_10.png,0
1211,__AoesSmooftHkJ0nXxr1A_02_01.png,0
1212,__AoesSmooftHkJ0nXxr1A_02_02.png,0
1213,__AoesSmooftHkJ0nXxr1A_02_03.png,0
1214,__AoesSmooftHkJ0nXxr1A_02_04.png,0
1215,__AoesSmooftHkJ0nXxr1A_02_05.png,0
1216,__AoesSmooftHkJ0nXxr1A_02_06.png,0
1217,__AoesSmooftHkJ0nXxr1A_02_07.png,0
1218,__AoesSmooftHkJ0nXxr1A_02_09.png,0
1219,__AoesSmooftHkJ0nXxr1A_02_10.png,0
1220,__AoesSmooftHkJ0nXxr1A_03_01.png,0
1221,__AoesSmooftHkJ0nXxr1A_03_02.png,0
1222,__AoesSmooftHkJ0nXxr1A_03_03.png,0
1223,__AoesSmooftHkJ0nXxr1A_03_04.png,0
1224,__AoesSmooftHkJ0nXxr1A_03_05.png,0
1225,__AoesSmooftHkJ0nXxr1A_03_06.png,0
1226,__AoesSmooftHkJ0nXxr1A_03_07.png,0
1227,__AoesSmooftHkJ0nXxr1A_03_08.png,0
1228,__AoesSmooftHkJ0nXxr1A_03_09.png,0
1229,__AoesSmooftHkJ0nXxr1A_03_10.png,0
1230,__AoesSmooftHkJ0nXxr1A_04_01.png,0
1231,__AoesSmooftHkJ0nXxr1A_04_02.png,0
1232,__AoesSmooftHkJ0nXxr1A_04_03.png,0
1233,__AoesSmooftHkJ0nXxr1A_04_04.png,0
1234,__AoesSmooftHkJ0nXxr1A_04_05.png,0
1235,__AoesSmooftHkJ0nXxr1A_04_06.png,0
1236,__AoesSmooftHkJ0nXxr1A_04_07.png,0
1237,__AoesSmooftHkJ0nXxr1A_04_08.png,0
1238,__AoesSmooftHkJ0nXxr1A_04_09.png,0
1239,__AoesSmooftHkJ0nXxr1A_04_10.png,0
1240,__AoesSmooftHkJ0nXxr1A_05_01.png,0
1241,__AoesSmooftHkJ0nXxr1A_05_02.png,0
1242,__AoesSmooftHkJ0nXxr1A_05_03.png,0
1243,__AoesSmooftHkJ0nXxr1A_05_04.png,0
1244,__AoesSmooftHkJ0nXxr1A_05_05.png,0
1245,__AoesSmooftHkJ0nXxr1A_05_06.png,0
1246,__AoesSmooftHkJ0nXxr1A_05_07.png,0
1247,__AoesSmooftHkJ0nXxr1A_05_08.png,0
1248,__AoesSmooftHkJ0nXxr1A_05_09.png,0
1249,__AoesSmooftHkJ0nXxr1A_05_10.png,0
1250,__AoesSmooftHkJ0nXxr1A_06_01.png,0
1251,__AoesSmooftHkJ0nXxr1A_06_02.png,0
1252,__AoesSmooftHkJ0nXxr1A_06_03.png,0
1253,__AoesSmooftHkJ0nXxr1A_06_04.png,0
1254,__AoesSmooftHkJ0nXxr1A_06_05.png,0
1255,__AoesSmooftHkJ0nXxr1A_06_06.png,0
1256,__AoesSmooftHkJ0nXxr1A_06_07.png,0
1257,__AoesSmooftHkJ0nXxr1A_06_08.png,0
1258,__AoesSmooftHkJ0nXxr1A_06_09.png,0
1259,__AoesSmooftHkJ0nXxr1A_06_10.png,0
1260,__AoesSmooftHkJ0nXxr1A_07_01.png,0
1261,__AoesSmooftHkJ0nXxr1A_07_02.png,0
1262,__AoesSmooftHkJ0nXxr1A_07_03.png,0
1263,__AoesSmooftHkJ0nXxr1A_07_04.png,0
1264,__AoesSmooftHkJ0nXxr1A_07_05.png,0
1265,__AoesSmooftHkJ0nXxr1A_07_06.png,0
1266,__AoesSmooftHkJ0nXxr1A_07_07.png,0
1267,__AoesSmooftHkJ0nXxr1A_07_08.png,0
1268,__AoesSmooftHkJ0nXxr1A_07_09.png,0
1269,__AoesSmooftHkJ0nXxr1A_07_10.png,0
1270,__AoesSmooftHkJ0nXxr1A_08_01.png,0
1271,__AoesSmooftHkJ0nXxr1A_08_02.png,0
1272,__AoesSmooftHkJ0nXxr1A_08_03.png,0
1273,__AoesSmooftHkJ0nXxr1A_08_04.png,0
1274,__AoesSmooftHkJ0nXxr1A_08_05.png,0
1275,__AoesSmooftHkJ0nXxr1A_08_06.png,0
1276,__AoesSmooftHkJ0nXxr1A_08_07.png,0
1277,__AoesSmooftHkJ0nXxr1A_08_08.png,0
1278,__AoesSmooftHkJ0nXxr1A_08_09.png,0
1279,__AoesSmooftHkJ0nXxr1A_08_10.png,0
1280,__AoesSmooftHkJ0nXxr1A_09_01.png,0
1281,__AoesSmooftHkJ0nXxr1A_09_02.png,0
1282,__AoesSmooftHkJ0nXxr1A_09_03.png,0
1283,__AoesSmooftHkJ0nXxr1A_09_04.png,0
1284,__AoesSmooftHkJ0nXxr1A_09_05.png,0
1285,__AoesSmooftHkJ0nXxr1A_09_06.png,0
1286,__AoesSmooftHkJ0nXxr1A_09_07.png,0
1287,__AoesSmooftHkJ0nXxr1A_09_08.png,0
1288,__AoesSmooftHkJ0nXxr1A_09_09.png,0
1289,__AoesSmooftHkJ0nXxr1A_09_10.png,0
1290,__AoesSmooftHkJ0nXxr1A_10_01.png,0
1291,__AoesSmooftHkJ0nXxr1A_10_02.png,0
1292,__AoesSmooftHkJ0nXxr1A_10_03.png,0
1293,__AoesSmooftHkJ0nXxr1A_10_04.png,0
1294,__AoesSmooftHkJ0nXxr1A_10_05.png,0
1295,__AoesSmooftHkJ0nXxr1A_10_06.png,0
1296,__AoesSmooftHkJ0nXxr1A_10_07.png,0
1297,__AoesSmooftHkJ0nXxr1A_10_08.png,0
1298,__AoesSmooftHkJ0nXxr1A_10_09.png,0
1299,__AoesSmooftHkJ0nXxr1A_10_10.png,0
1300,__ltpbUMJkREfmWKyWVcIA_01_01.png,0
1301,__ltpbUMJkREfmWKyWVcIA_01_02.png,0
1302,__ltpbUMJkREfmWKyWVcIA_01_03.png,0
1303,__ltpbUMJkREfmWKyWVcIA_01_04.png,0
1304,__ltpbUMJkREfmWKyWVcIA_01_05.png,0
1305,__ltpbUMJkREfmWKyWVcIA_01_06.png,0
1306,__ltpbUMJkREfmWKyWVcIA_01_07.png,0
1307,__ltpbUMJkREfmWKyWVcIA_01_08.png,0
1308,__ltpbUMJkREfmWKyWVcIA_01_09.png,0
1309,__ltpbUMJkREfmWKyWVcIA_01_10.png,0
1310,__ltpbUMJkREfmWKyWVcIA_02_01.png,0
1311,__ltpbUMJkREfmWKyWVcIA_02_02.png,0
1312,__ltpbUMJkREfmWKyWVcIA_02_03.png,0
1313,__ltpbUMJkREfmWKyWVcIA_02_04.png,0
1314,__ltpbUMJkREfmWKyWVcIA_02_05.png,0
1315,__ltpbUMJkREfmWKyWVcIA_02_06.png,0
1316,__ltpbUMJkREfmWKyWVcIA_02_07.png,0
1317,__ltpbUMJkREfmWKyWVcIA_02_08.png,0
1318,__ltpbUMJkREfmWKyWVcIA_02_09.png,0
1319,__ltpbUMJkREfmWKyWVcIA_02_10.png,0
1320,__ltpbUMJkREfmWKyWVcIA_03_01.png,0
1321,__ltpbUMJkREfmWKyWVcIA_03_02.png,0
1322,__ltpbUMJkREfmWKyWVcIA_03_03.png,0
1323,__ltpbUMJkREfmWKyWVcIA_03_04.png,0
1324,__ltpbUMJkREfmWKyWVcIA_03_05.png,0
1325,__ltpbUMJkREfmWKyWVcIA_03_06.png,0
1326,__ltpbUMJkREfmWKyWVcIA_03_07.png,0
1327,__ltpbUMJkREfmWKyWVcIA_03_08.png,0
1328,__ltpbUMJkREfmWKyWVcIA_03_09.png,0
1329,__ltpbUMJkREfmWKyWVcIA_03_10.png,0
1330,__ltpbUMJkREfmWKyWVcIA_04_01.png,0
1331,__ltpbUMJkREfmWKyWVcIA_04_02.png,0
1332,__ltpbUMJkREfmWKyWVcIA_04_03.png,0
1333,__ltpbUMJkREfmWKyWVcIA_04_04.png,0
1334,__ltpbUMJkREfmWKyWVcIA_04_05.png,0
1335,__ltpbUMJkREfmWKyWVcIA_04_06.png,0
1336,__ltpbUMJkREfmWKyWVcIA_04_07.png,0
1337,__ltpbUMJkREfmWKyWVcIA_04_08.png,0
1338,__ltpbUMJkREfmWKyWVcIA_04_09.png,0
1339,__ltpbUMJkREfmWKyWVcIA_04_10.png,0
1340,__ltpbUMJkREfmWKyWVcIA_05_01.png,0
1341,__ltpbUMJkREfmWKyWVcIA_05_02.png,0
1342,__ltpbUMJkREfmWKyWVcIA_05_03.png,0
1343,__ltpbUMJkREfmWKyWVcIA_05_04.png,0
1344,__ltpbUMJkREfmWKyWVcIA_05_05.png,0
1345,__ltpbUMJkREfmWKyWVcIA_05_06.png,0
1346,__ltpbUMJkREfmWKyWVcIA_05_07.png,0
1347,__ltpbUMJkREfmWKyWVcIA_05_08.png,0
1348,__ltpbUMJkREfmWKyWVcIA_05_09.png,0
1349,__ltpbUMJkREfmWKyWVcIA_05_10.png,0
1350,__ltpbUMJkREfmWKyWVcIA_06_01.png,0
1351,__ltpbUMJkREfmWKyWVcIA_06_02.png,0
1352,__ltpbUMJkREfmWKyWVcIA_06_03.png,0
1353,__ltpbUMJkREfmWKyWVcIA_06_04.png,0
1354,__ltpbUMJkREfmWKyWVcIA_06_05.png,0
1355,__ltpbUMJkREfmWKyWVcIA_06_06.png,0
1356,__ltpbUMJkREfmWKyWVcIA_06_07.png,0
1357,__ltpbUMJkREfmWKyWVcIA_06_08.png,0
1358,__ltpbUMJkREfmWKyWVcIA_06_09.png,0
1359,__ltpbUMJkREfmWKyWVcIA_06_10.png,0
1360,__ltpbUMJkREfmWKyWVcIA_07_01.png,0
1361,__ltpbUMJkREfmWKyWVcIA_07_02.png,0
1362,__ltpbUMJkREfmWKyWVcIA_07_03.png,0
1363,__ltpbUMJkREfmWKyWVcIA_07_04.png,0
1364,__ltpbUMJkREfmWKyWVcIA_07_05.png,0
1365,__ltpbUMJkREfmWKyWVcIA_07_06.png,0
1366,__ltpbUMJkREfmWKyWVcIA_07_07.png,0
1367,__ltpbUMJkREfmWKyWVcIA_07_08.png,0
1368,__ltpbUMJkREfmWKyWVcIA_07_09.png,0
1369,__ltpbUMJkREfmWKyWVcIA_07_10.png,0
1370,__ltpbUMJkREfmWKyWVcIA_08_01.png,0
1371,__ltpbUMJkREfmWKyWVcIA_08_02.png,0
1372,__ltpbUMJkREfmWKyWVcIA_08_03.png,0
1373,__ltpbUMJkREfmWKyWVcIA_08_04.png,0
1374,__ltpbUMJkREfmWKyWVcIA_08_05.png,0
1375,__ltpbUMJkREfmWKyWVcIA_08_06.png,0
1376,__ltpbUMJkREfmWKyWVcIA_08_07.png,0
1377,__ltpbUMJkREfmWKyWVcIA_08_08.png,0
1378,__ltpbUMJkREfmWKyWVcIA_08_09.png,0
1379,__ltpbUMJkREfmWKyWVcIA_08_10.png,0
1380,__ltpbUMJkREfmWKyWVcIA_09_01.png,0
1381,__ltpbUMJkREfmWKyWVcIA_09_02.png,0
1382,__ltpbUMJkREfmWKyWVcIA_09_03.png,0
1383,__ltpbUMJkREfmWKyWVcIA_09_04.png,0
1384,__ltpbUMJkREfmWKyWVcIA_09_05.png,0
1385,__ltpbUMJkREfmWKyWVcIA_09_06.png,0
1386,__ltpbUMJkREfmWKyWVcIA_09_07.png,0
1387,__ltpbUMJkREfmWKyWVcIA_09_08.png,0
1388,__ltpbUMJkREfmWKyWVcIA_09_09.png,0
1389,__ltpbUMJkREfmWKyWVcIA_09_10.png,0
1390,__ltpbUMJkREfmWKyWVcIA_10_01.png,0
1391,__ltpbUMJkREfmWKyWVcIA_10_02.png,0
1392,__ltpbUMJkREfmWKyWVcIA_10_03.png,0
1393,__ltpbUMJkREfmWKyWVcIA_10_04.png,0
1394,__ltpbUMJkREfmWKyWVcIA_10_05.png,0
1395,__ltpbUMJkREfmWKyWVcIA_10_06.png,0
1396,__ltpbUMJkREfmWKyWVcIA_10_07.png,0
1397,__ltpbUMJkREfmWKyWVcIA_10_08.png,0
1398,__ltpbUMJkREfmWKyWVcIA_10_09.png,0
1399,__ltpbUMJkREfmWKyWVcIA_10_10.png,0
1400,__MsK_dWQHi4S8Umo1Gpuw_01_01.png,0
1401,__MsK_dWQHi4S8Umo1Gpuw_01_02.png,0
1402,__MsK_dWQHi4S8Umo1Gpuw_01_03.png,0
1403,__MsK_dWQHi4S8Umo1Gpuw_01_04.png,0
1404,__MsK_dWQHi4S8Umo1Gpuw_01_05.png,0
1405,__MsK_dWQHi4S8Umo1Gpuw_01_06.png,0
1406,__MsK_dWQHi4S8Umo1Gpuw_01_07.png,0
1407,__MsK_dWQHi4S8Umo1Gpuw_01_08.png,0
1408,__MsK_dWQHi4S8Umo1Gpuw_01_09.png,0
1409,__MsK_dWQHi4S8Umo1Gpuw_01_10.png,0
1410,__MsK_dWQHi4S8Umo1Gpuw_02_01.png,0
1411,__MsK_dWQHi4S8Umo1Gpuw_02_02.png,0
1412,__MsK_dWQHi4S8Umo1Gpuw_02_03.png,0
1413,__MsK_dWQHi4S8Umo1Gpuw_02_04.png,0
1414,__MsK_dWQHi4S8Umo1Gpuw_02_05.png,0
1415,__MsK_dWQHi4S8Umo1Gpuw_02_06.png,0
1416,__MsK_dWQHi4S8Umo1Gpuw_02_07.png,0
1417,__MsK_dWQHi4S8Umo1Gpuw_02_08.png,0
1418,__MsK_dWQHi4S8Umo1Gpuw_02_09.png,0
1419,__MsK_dWQHi4S8Umo1Gpuw_02_10.png,0
1420,__MsK_dWQHi4S8Umo1Gpuw_03_01.png,0
1421,__MsK_dWQHi4S8Umo1Gpuw_03_02.png,0
1422,__MsK_dWQHi4S8Umo1Gpuw_03_03.png,0
1423,__MsK_dWQHi4S8Umo1Gpuw_03_04.png,0
1424,__MsK_dWQHi4S8Umo1Gpuw_03_05.png,0
1425,__MsK_dWQHi4S8Umo1Gpuw_03_06.png,0
1426,__MsK_dWQHi4S8Umo1Gpuw_03_07.png,0
1427,__MsK_dWQHi4S8Umo1Gpuw_03_08.png,0
1428,__MsK_dWQHi4S8Umo1Gpuw_03_09.png,0
1429,__MsK_dWQHi4S8Umo1Gpuw_03_10.png,0
1430,__MsK_dWQHi4S8Umo1Gpuw_04_01.png,0
1431,__MsK_dWQHi4S8Umo1Gpuw_04_02.png,0
1432,__MsK_dWQHi4S8Umo1Gpuw_04_03.png,0
1433,__MsK_dWQHi4S8Umo1Gpuw_04_04.png,0
1434,__MsK_dWQHi4S8Umo1Gpuw_04_05.png,0
1435,__MsK_dWQHi4S8Umo1Gpuw_04_06.png,0
1436,__MsK_dWQHi4S8Umo1Gpuw_04_07.png,0
1437,__MsK_dWQHi4S8Umo1Gpuw_04_08.png,0
1438,__MsK_dWQHi4S8Umo1Gpuw_04_09.png,0
1439,__MsK_dWQHi4S8Umo1Gpuw_04_10.png,0
1440,__MsK_dWQHi4S8Umo1Gpuw_05_01.png,0
1441,__MsK_dWQHi4S8Umo1Gpuw_05_02.png,0
1442,__MsK_dWQHi4S8Umo1Gpuw_05_03.png,0
1443,__MsK_dWQHi4S8Umo1Gpuw_05_04.png,0
1444,__MsK_dWQHi4S8Umo1Gpuw_05_05.png,0
1445,__MsK_dWQHi4S8Umo1Gpuw_05_06.png,0
1446,__MsK_dWQHi4S8Umo1Gpuw_05_07.png,0
1447,__MsK_dWQHi4S8Umo1Gpuw_05_08.png,0
1448,__MsK_dWQHi4S8Umo1Gpuw_05_09.png,0
1449,__MsK_dWQHi4S8Umo1Gpuw_05_10.png,0
1450,__MsK_dWQHi4S8Umo1Gpuw_06_01.png,0
1451,__MsK_dWQHi4S8Umo1Gpuw_06_02.png,1
1452,__MsK_dWQHi4S8Umo1Gpuw_06_03.png,0
1453,__MsK_dWQHi4S8Umo1Gpuw_06_04.png,0
1454,__MsK_dWQHi4S8Umo1Gpuw_06_05.png,0
1455,__MsK_dWQHi4S8Umo1Gpuw_06_06.png,0
1456,__MsK_dWQHi4S8Umo1Gpuw_06_07.png,0
1457,__MsK_dWQHi4S8Umo1Gpuw_06_08.png,0
1458,__MsK_dWQHi4S8Umo1Gpuw_06_09.png,0
1459,__MsK_dWQHi4S8Umo1Gpuw_06_10.png,0
1460,__MsK_dWQHi4S8Umo1Gpuw_07_01.png,0
1461,__MsK_dWQHi4S8Umo1Gpuw_07_02.png,0
1462,__MsK_dWQHi4S8Umo1Gpuw_07_03.png,0
1463,__MsK_dWQHi4S8Umo1Gpuw_07_04.png,0
1464,__MsK_dWQHi4S8Umo1Gpuw_07_05.png,0
1465,__MsK_dWQHi4S8Umo1Gpuw_07_06.png,0
1466,__MsK_dWQHi4S8Umo1Gpuw_07_07.png,0
1467,__MsK_dWQHi4S8Umo1Gpuw_07_08.png,0
1468,__MsK_dWQHi4S8Umo1Gpuw_07_09.png,1
1469,__MsK_dWQHi4S8Umo1Gpuw_07_10.png,0
1470,__MsK_dWQHi4S8Umo1Gpuw_08_01.png,0
1471,__MsK_dWQHi4S8Umo1Gpuw_08_02.png,0
1472,__MsK_dWQHi4S8Umo1Gpuw_08_03.png,0
1473,__MsK_dWQHi4S8Umo1Gpuw_08_04.png,0
1474,__MsK_dWQHi4S8Umo1Gpuw_08_05.png,0
1475,__MsK_dWQHi4S8Umo1Gpuw_08_06.png,0
1476,__MsK_dWQHi4S8Umo1Gpuw_08_07.png,0
1477,__MsK_dWQHi4S8Umo1Gpuw_08_08.png,0
1478,__MsK_dWQHi4S8Umo1Gpuw_08_09.png,0
1479,__MsK_dWQHi4S8Umo1Gpuw_08_10.png,0
1480,__MsK_dWQHi4S8Umo1Gpuw_09_01.png,0
1481,__MsK_dWQHi4S8Umo1Gpuw_09_02.png,0
1482,__MsK_dWQHi4S8Umo1Gpuw_09_03.png,0
1483,__MsK_dWQHi4S8Umo1Gpuw_09_04.png,0
1484,__MsK_dWQHi4S8Umo1Gpuw_09_05.png,0
1485,__MsK_dWQHi4S8Umo1Gpuw_09_06.png,0
1486,__MsK_dWQHi4S8Umo1Gpuw_09_07.png,0
1487,__MsK_dWQHi4S8Umo1Gpuw_09_08.png,0
1488,__MsK_dWQHi4S8Umo1Gpuw_09_09.png,0
1489,__MsK_dWQHi4S8Umo1Gpuw_09_10.png,0
1490,__MsK_dWQHi4S8Umo1Gpuw_10_01.png,0
1491,__MsK_dWQHi4S8Umo1Gpuw_10_02.png,0
1492,__MsK_dWQHi4S8Umo1Gpuw_10_03.png,0
1493,__MsK_dWQHi4S8Umo1Gpuw_10_04.png,0
1494,__MsK_dWQHi4S8Umo1Gpuw_10_05.png,0
1495,__MsK_dWQHi4S8Umo1Gpuw_10_06.png,0
1496,__MsK_dWQHi4S8Umo1Gpuw_10_07.png,0
1497,__MsK_dWQHi4S8Umo1Gpuw_10_08.png,0
1498,__MsK_dWQHi4S8Umo1Gpuw_10_09.png,0
1499,__MsK_dWQHi4S8Umo1Gpuw_10_10.png,0
1500,__O0Zqq5YtfSC4D8a7oWGA_01_01.png,0
1501,__O0Zqq5YtfSC4D8a7oWGA_01_02.png,0
1502,__O0Zqq5YtfSC4D8a7oWGA_01_03.png,0
1503,__O0Zqq5YtfSC4D8a7oWGA_01_04.png,0
1504,__O0Zqq5YtfSC4D8a7oWGA_01_05.png,0
1505,__O0Zqq5YtfSC4D8a7oWGA_01_06.png,0
1506,__O0Zqq5YtfSC4D8a7oWGA_01_07.png,0
1507,__O0Zqq5YtfSC4D8a7oWGA_01_08.png,0
1508,__O0Zqq5YtfSC4D8a7oWGA_01_09.png,0
1509,__O0Zqq5YtfSC4D8a7oWGA_01_10.png,0
1510,__O0Zqq5YtfSC4D8a7oWGA_02_01.png,0
1511,__O0Zqq5YtfSC4D8a7oWGA_02_02.png,0
1512,__O0Zqq5YtfSC4D8a7oWGA_02_03.png,0
1513,__O0Zqq5YtfSC4D8a7oWGA_02_04.png,0
1514,__O0Zqq5YtfSC4D8a7oWGA_02_05.png,0
1515,__O0Zqq5YtfSC4D8a7oWGA_02_06.png,0
1516,__O0Zqq5YtfSC4D8a7oWGA_02_07.png,0
1517,__O0Zqq5YtfSC4D8a7oWGA_02_08.png,0
1518,__O0Zqq5YtfSC4D8a7oWGA_02_09.png,0
1519,__O0Zqq5YtfSC4D8a7oWGA_02_10.png,0
1520,__O0Zqq5YtfSC4D8a7oWGA_03_01.png,0
1521,__O0Zqq5YtfSC4D8a7oWGA_03_02.png,0
1522,__O0Zqq5YtfSC4D8a7oWGA_03_03.png,0
1523,__O0Zqq5YtfSC4D8a7oWGA_03_04.png,0
1524,__O0Zqq5YtfSC4D8a7oWGA_03_05.png,0
1525,__O0Zqq5YtfSC4D8a7oWGA_03_06.png,0
1526,__O0Zqq5YtfSC4D8a7oWGA_03_07.png,0
1527,__O0Zqq5YtfSC4D8a7oWGA_03_08.png,0
1528,__O0Zqq5YtfSC4D8a7oWGA_03_09.png,0
1529,__O0Zqq5YtfSC4D8a7oWGA_03_10.png,0
1530,__O0Zqq5YtfSC4D8a7oWGA_04_01.png,0
1531,__O0Zqq5YtfSC4D8a7oWGA_04_02.png,0
1532,__O0Zqq5YtfSC4D8a7oWGA_04_03.png,0
1533,__O0Zqq5YtfSC4D8a7oWGA_04_04.png,0
1534,__O0Zqq5YtfSC4D8a7oWGA_04_05.png,0
1535,__O0Zqq5YtfSC4D8a7oWGA_04_06.png,0
1536,__O0Zqq5YtfSC4D8a7oWGA_04_07.png,0
1537,__O0Zqq5YtfSC4D8a7oWGA_04_08.png,0
1538,__O0Zqq5YtfSC4D8a7oWGA_04_09.png,0
1539,__O0Zqq5YtfSC4D8a7oWGA_04_10.png,0
1540,__O0Zqq5YtfSC4D8a7oWGA_05_01.png,0
1541,__O0Zqq5YtfSC4D8a7oWGA_05_02.png,0
1542,__O0Zqq5YtfSC4D8a7oWGA_05_03.png,0
1543,__O0Zqq5YtfSC4D8a7oWGA_05_04.png,0
1544,__O0Zqq5YtfSC4D8a7oWGA_05_05.png,0
1545,__O0Zqq5YtfSC4D8a7oWGA_05_06.png,0
1546,__O0Zqq5YtfSC4D8a7oWGA_05_07.png,0
1547,__O0Zqq5YtfSC4D8a7oWGA_05_08.png,0
1548,__O0Zqq5YtfSC4D8a7oWGA_05_09.png,0
1549,__O0Zqq5YtfSC4D8a7oWGA_05_10.png,0
1550,__O0Zqq5YtfSC4D8a7oWGA_06_01.png,0
1551,__O0Zqq5YtfSC4D8a7oWGA_06_02.png,0
1552,__O0Zqq5YtfSC4D8a7oWGA_06_03.png,0
1553,__O0Zqq5YtfSC4D8a7oWGA_06_04.png,0
1554,__O0Zqq5YtfSC4D8a7oWGA_06_05.png,0
1555,__O0Zqq5YtfSC4D8a7oWGA_06_06.png,0
1556,__O0Zqq5YtfSC4D8a7oWGA_06_07.png,0
1557,__O0Zqq5YtfSC4D8a7oWGA_06_08.png,0
1558,__O0Zqq5YtfSC4D8a7oWGA_06_09.png,0
1559,__O0Zqq5YtfSC4D8a7oWGA_06_10.png,0
1560,__O0Zqq5YtfSC4D8a7oWGA_07_01.png,0
1561,__O0Zqq5YtfSC4D8a7oWGA_07_02.png,0
1562,__O0Zqq5YtfSC4D8a7oWGA_07_03.png,0
1563,__O0Zqq5YtfSC4D8a7oWGA_07_04.png,0
1564,__O0Zqq5YtfSC4D8a7oWGA_07_05.png,0
1565,__O0Zqq5YtfSC4D8a7oWGA_07_06.png,0
1566,__O0Zqq5YtfSC4D8a7oWGA_07_07.png,0
1567,__O0Zqq5YtfSC4D8a7oWGA_07_08.png,0
1568,__O0Zqq5YtfSC4D8a7oWGA_07_09.png,0
1569,__O0Zqq5YtfSC4D8a7oWGA_07_10.png,0
1570,__O0Zqq5YtfSC4D8a7oWGA_08_01.png,0
1571,__O0Zqq5YtfSC4D8a7oWGA_08_02.png,0
1572,__O0Zqq5YtfSC4D8a7oWGA_08_03.png,0
1573,__O0Zqq5YtfSC4D8a7oWGA_08_04.png,0
1574,__O0Zqq5YtfSC4D8a7oWGA_08_05.png,0
1575,__O0Zqq5YtfSC4D8a7oWGA_08_06.png,0
1576,__O0Zqq5YtfSC4D8a7oWGA_08_07.png,0
1577,__O0Zqq5YtfSC4D8a7oWGA_08_08.png,0
1578,__O0Zqq5YtfSC4D8a7oWGA_08_09.png,0
1579,__O0Zqq5YtfSC4D8a7oWGA_08_10.png,0
1580,__O0Zqq5YtfSC4D8a7oWGA_09_01.png,0
1581,__O0Zqq5YtfSC4D8a7oWGA_09_02.png,0
1582,__O0Zqq5YtfSC4D8a7oWGA_09_03.png,0
1583,__O0Zqq5YtfSC4D8a7oWGA_09_04.png,0
1584,__O0Zqq5YtfSC4D8a7oWGA_09_05.png,0
1585,__O0Zqq5YtfSC4D8a7oWGA_09_06.png,0
1586,__O0Zqq5YtfSC4D8a7oWGA_09_07.png,0
1587,__O0Zqq5YtfSC4D8a7oWGA_09_08.png,0
1588,__O0Zqq5YtfSC4D8a7oWGA_09_09.png,0
1589,__O0Zqq5YtfSC4D8a7oWGA_09_10.png,0
1590,__O0Zqq5YtfSC4D8a7oWGA_10_01.png,0
1591,__O0Zqq5YtfSC4D8a7oWGA_10_02.png,0
1592,__O0Zqq5YtfSC4D8a7oWGA_10_03.png,0
1593,__O0Zqq5YtfSC4D8a7oWGA_10_04.png,0
1594,__O0Zqq5YtfSC4D8a7oWGA_10_05.png,0
1595,__O0Zqq5YtfSC4D8a7oWGA_10_06.png,0
1596,__O0Zqq5YtfSC4D8a7oWGA_10_07.png,0
1597,__O0Zqq5YtfSC4D8a7oWGA_10_08.png,0
1598,__O0Zqq5YtfSC4D8a7oWGA_10_09.png,0
1599,__O0Zqq5YtfSC4D8a7oWGA_10_10.png,0
1600,__Pjs3PlGd2G1YKdfwwSmw_01_01.png,0
1601,__Pjs3PlGd2G1YKdfwwSmw_01_02.png,0
1602,__Pjs3PlGd2G1YKdfwwSmw_01_03.png,0
1603,__Pjs3PlGd2G1YKdfwwSmw_01_04.png,0
1604,__Pjs3PlGd2G1YKdfwwSmw_01_05.png,0
1605,__Pjs3PlGd2G1YKdfwwSmw_01_06.png,0
1606,__Pjs3PlGd2G1YKdfwwSmw_01_07.png,0
1607,__Pjs3PlGd2G1YKdfwwSmw_01_08.png,0
1608,__Pjs3PlGd2G1YKdfwwSmw_01_09.png,0
1609,__Pjs3PlGd2G1YKdfwwSmw_01_10.png,0
1610,__Pjs3PlGd2G1YKdfwwSmw_02_01.png,0
1611,__Pjs3PlGd2G1YKdfwwSmw_02_02.png,0
1612,__Pjs3PlGd2G1YKdfwwSmw_02_03.png,0
1613,__Pjs3PlGd2G1YKdfwwSmw_02_04.png,0
1614,__Pjs3PlGd2G1YKdfwwSmw_02_05.png,0
1615,__Pjs3PlGd2G1YKdfwwSmw_02_06.png,0
1616,__Pjs3PlGd2G1YKdfwwSmw_02_07.png,0
1617,__Pjs3PlGd2G1YKdfwwSmw_02_08.png,0
1618,__Pjs3PlGd2G1YKdfwwSmw_02_09.png,0
1619,__Pjs3PlGd2G1YKdfwwSmw_02_10.png,0
1620,__Pjs3PlGd2G1YKdfwwSmw_03_01.png,0
1621,__Pjs3PlGd2G1YKdfwwSmw_03_02.png,0
1622,__Pjs3PlGd2G1YKdfwwSmw_03_03.png,0
1623,__Pjs3PlGd2G1YKdfwwSmw_03_04.png,0
1624,__Pjs3PlGd2G1YKdfwwSmw_03_05.png,0
1625,__Pjs3PlGd2G1YKdfwwSmw_03_06.png,0
1626,__Pjs3PlGd2G1YKdfwwSmw_03_07.png,0
1627,__Pjs3PlGd2G1YKdfwwSmw_03_08.png,0
1628,__Pjs3PlGd2G1YKdfwwSmw_03_09.png,0
1629,__Pjs3PlGd2G1YKdfwwSmw_03_10.png,0
1630,__Pjs3PlGd2G1YKdfwwSmw_04_01.png,0
1631,__Pjs3PlGd2G1YKdfwwSmw_04_02.png,0
1632,__Pjs3PlGd2G1YKdfwwSmw_04_03.png,0
1633,__Pjs3PlGd2G1YKdfwwSmw_04_04.png,0
1634,__Pjs3PlGd2G1YKdfwwSmw_04_05.png,0
1635,__Pjs3PlGd2G1YKdfwwSmw_04_06.png,0
1636,__Pjs3PlGd2G1YKdfwwSmw_04_07.png,0
1637,__Pjs3PlGd2G1YKdfwwSmw_04_08.png,0
1638,__Pjs3PlGd2G1YKdfwwSmw_04_09.png,0
1639,__Pjs3PlGd2G1YKdfwwSmw_04_10.png,0
1640,__Pjs3PlGd2G1YKdfwwSmw_05_01.png,0
1641,__Pjs3PlGd2G1YKdfwwSmw_05_02.png,0
1642,__Pjs3PlGd2G1YKdfwwSmw_05_03.png,0
1643,__Pjs3PlGd2G1YKdfwwSmw_05_04.png,0
1644,__Pjs3PlGd2G1YKdfwwSmw_05_05.png,0
1645,__Pjs3PlGd2G1YKdfwwSmw_05_06.png,0
1646,__Pjs3PlGd2G1YKdfwwSmw_05_07.png,0
1647,__Pjs3PlGd2G1YKdfwwSmw_05_08.png,0
1648,__Pjs3PlGd2G1YKdfwwSmw_05_09.png,0
1649,__Pjs3PlGd2G1YKdfwwSmw_05_10.png,0
1650,__Pjs3PlGd2G1YKdfwwSmw_06_01.png,0
1651,__Pjs3PlGd2G1YKdfwwSmw_06_02.png,0
1652,__Pjs3PlGd2G1YKdfwwSmw_06_03.png,0
1653,__Pjs3PlGd2G1YKdfwwSmw_06_04.png,0
1654,__Pjs3PlGd2G1YKdfwwSmw_06_05.png,0
1655,__Pjs3PlGd2G1YKdfwwSmw_06_06.png,0
1656,__Pjs3PlGd2G1YKdfwwSmw_06_07.png,0
1657,__Pjs3PlGd2G1YKdfwwSmw_06_08.png,0
1658,__Pjs3PlGd2G1YKdfwwSmw_06_09.png,0
1659,__Pjs3PlGd2G1YKdfwwSmw_06_10.png,0
1660,__Pjs3PlGd2G1YKdfwwSmw_07_01.png,0
1661,__Pjs3PlGd2G1YKdfwwSmw_07_02.png,0
1662,__Pjs3PlGd2G1YKdfwwSmw_07_03.png,0
1663,__Pjs3PlGd2G1YKdfwwSmw_07_04.png,0
1664,__Pjs3PlGd2G1YKdfwwSmw_07_05.png,0
1665,__Pjs3PlGd2G1YKdfwwSmw_07_06.png,0
1666,__Pjs3PlGd2G1YKdfwwSmw_07_07.png,0
1667,__Pjs3PlGd2G1YKdfwwSmw_07_08.png,0
1668,__Pjs3PlGd2G1YKdfwwSmw_07_09.png,0
1669,__Pjs3PlGd2G1YKdfwwSmw_07_10.png,0
1670,__Pjs3PlGd2G1YKdfwwSmw_08_01.png,0
1671,__Pjs3PlGd2G1YKdfwwSmw_08_02.png,0
1672,__Pjs3PlGd2G1YKdfwwSmw_08_03.png,0
1673,__Pjs3PlGd2G1YKdfwwSmw_08_04.png,0
1674,__Pjs3PlGd2G1YKdfwwSmw_08_05.png,0
1675,__Pjs3PlGd2G1YKdfwwSmw_08_06.png,0
1676,__Pjs3PlGd2G1YKdfwwSmw_08_07.png,0
1677,__Pjs3PlGd2G1YKdfwwSmw_08_08.png,0
1678,__Pjs3PlGd2G1YKdfwwSmw_08_09.png,0
1679,__Pjs3PlGd2G1YKdfwwSmw_08_10.png,0
1680,__Pjs3PlGd2G1YKdfwwSmw_09_01.png,0
1681,__Pjs3PlGd2G1YKdfwwSmw_09_02.png,0
1682,__Pjs3PlGd2G1YKdfwwSmw_09_03.png,0
1683,__Pjs3PlGd2G1YKdfwwSmw_09_04.png,0
1684,__Pjs3PlGd2G1YKdfwwSmw_09_05.png,0
1685,__Pjs3PlGd2G1YKdfwwSmw_09_06.png,0
1686,__Pjs3PlGd2G1YKdfwwSmw_09_07.png,0
1687,__Pjs3PlGd2G1YKdfwwSmw_09_08.png,0
1688,__Pjs3PlGd2G1YKdfwwSmw_09_09.png,0
1689,__Pjs3PlGd2G1YKdfwwSmw_09_10.png,0
1690,__Pjs3PlGd2G1YKdfwwSmw_10_01.png,0
1691,__Pjs3PlGd2G1YKdfwwSmw_10_02.png,0
1692,__Pjs3PlGd2G1YKdfwwSmw_10_03.png,0
1693,__Pjs3PlGd2G1YKdfwwSmw_10_04.png,0
1694,__Pjs3PlGd2G1YKdfwwSmw_10_05.png,0
1695,__Pjs3PlGd2G1YKdfwwSmw_10_06.png,0
1696,__Pjs3PlGd2G1YKdfwwSmw_10_07.png,0
1697,__Pjs3PlGd2G1YKdfwwSmw_10_08.png,0
1698,__Pjs3PlGd2G1YKdfwwSmw_10_09.png,0
1699,__Pjs3PlGd2G1YKdfwwSmw_10_10.png,0
1700,__riDMW1xCPJXThAE1Eiuw_01_01.png,0
1701,__riDMW1xCPJXThAE1Eiuw_01_02.png,0
1702,__riDMW1xCPJXThAE1Eiuw_01_03.png,0
1703,__riDMW1xCPJXThAE1Eiuw_01_04.png,0
1704,__riDMW1xCPJXThAE1Eiuw_01_05.png,0
1705,__riDMW1xCPJXThAE1Eiuw_01_06.png,0
1706,__riDMW1xCPJXThAE1Eiuw_01_07.png,0
1707,__riDMW1xCPJXThAE1Eiuw_01_08.png,0
1708,__riDMW1xCPJXThAE1Eiuw_01_09.png,0
1709,__riDMW1xCPJXThAE1Eiuw_01_10.png,0
1710,__riDMW1xCPJXThAE1Eiuw_02_01.png,0
1711,__riDMW1xCPJXThAE1Eiuw_02_02.png,0
1712,__riDMW1xCPJXThAE1Eiuw_02_03.png,0
1713,__riDMW1xCPJXThAE1Eiuw_02_04.png,0
1714,__riDMW1xCPJXThAE1Eiuw_02_05.png,0
1715,__riDMW1xCPJXThAE1Eiuw_02_06.png,0
1716,__riDMW1xCPJXThAE1Eiuw_02_07.png,0
1717,__riDMW1xCPJXThAE1Eiuw_02_08.png,0
1718,__riDMW1xCPJXThAE1Eiuw_02_09.png,0
1719,__riDMW1xCPJXThAE1Eiuw_02_10.png,0
1720,__riDMW1xCPJXThAE1Eiuw_03_01.png,0
1721,__riDMW1xCPJXThAE1Eiuw_03_02.png,0
1722,__riDMW1xCPJXThAE1Eiuw_03_03.png,0
1723,__riDMW1xCPJXThAE1Eiuw_03_04.png,0
1724,__riDMW1xCPJXThAE1Eiuw_03_05.png,0
1725,__riDMW1xCPJXThAE1Eiuw_03_06.png,0
1726,__riDMW1xCPJXThAE1Eiuw_03_07.png,0
1727,__riDMW1xCPJXThAE1Eiuw_03_08.png,0
1728,__riDMW1xCPJXThAE1Eiuw_03_09.png,0
1729,__riDMW1xCPJXThAE1Eiuw_03_10.png,0
1730,__riDMW1xCPJXThAE1Eiuw_04_01.png,0
1731,__riDMW1xCPJXThAE1Eiuw_04_02.png,0
1732,__riDMW1xCPJXThAE1Eiuw_04_03.png,0
1733,__riDMW1xCPJXThAE1Eiuw_04_04.png,0
1734,__riDMW1xCPJXThAE1Eiuw_04_05.png,0
1735,__riDMW1xCPJXThAE1Eiuw_04_06.png,0
1736,__riDMW1xCPJXThAE1Eiuw_04_07.png,0
1737,__riDMW1xCPJXThAE1Eiuw_04_08.png,0
1738,__riDMW1xCPJXThAE1Eiuw_04_09.png,0
1739,__riDMW1xCPJXThAE1Eiuw_04_10.png,0
1740,__riDMW1xCPJXThAE1Eiuw_05_01.png,0
1741,__riDMW1xCPJXThAE1Eiuw_05_02.png,0
1742,__riDMW1xCPJXThAE1Eiuw_05_03.png,0
1743,__riDMW1xCPJXThAE1Eiuw_05_04.png,0
1744,__riDMW1xCPJXThAE1Eiuw_05_05.png,0
1745,__riDMW1xCPJXThAE1Eiuw_05_06.png,0
1746,__riDMW1xCPJXThAE1Eiuw_05_07.png,0
1747,__riDMW1xCPJXThAE1Eiuw_05_08.png,0
1748,__riDMW1xCPJXThAE1Eiuw_05_09.png,0
1749,__riDMW1xCPJXThAE1Eiuw_05_10.png,0
1750,__riDMW1xCPJXThAE1Eiuw_06_01.png,0
1751,__riDMW1xCPJXThAE1Eiuw_06_02.png,0
1752,__riDMW1xCPJXThAE1Eiuw_06_03.png,0
1753,__riDMW1xCPJXThAE1Eiuw_06_04.png,0
1754,__riDMW1xCPJXThAE1Eiuw_06_05.png,0
1755,__riDMW1xCPJXThAE1Eiuw_06_06.png,0
1756,__riDMW1xCPJXThAE1Eiuw_06_07.png,0
1757,__riDMW1xCPJXThAE1Eiuw_06_08.png,0
1758,__riDMW1xCPJXThAE1Eiuw_06_09.png,0
1759,__riDMW1xCPJXThAE1Eiuw_06_10.png,0
1760,__riDMW1xCPJXThAE1Eiuw_07_01.png,0
1761,__riDMW1xCPJXThAE1Eiuw_07_02.png,0
1762,__riDMW1xCPJXThAE1Eiuw_07_03.png,0
1763,__riDMW1xCPJXThAE1Eiuw_07_04.png,0
1764,__riDMW1xCPJXThAE1Eiuw_07_05.png,0
1765,__riDMW1xCPJXThAE1Eiuw_07_06.png,0
1766,__riDMW1xCPJXThAE1Eiuw_07_07.png,0
1767,__riDMW1xCPJXThAE1Eiuw_07_08.png,0
1768,__riDMW1xCPJXThAE1Eiuw_07_09.png,0
1769,__riDMW1xCPJXThAE1Eiuw_07_10.png,0
1770,__riDMW1xCPJXThAE1Eiuw_08_01.png,0
1771,__riDMW1xCPJXThAE1Eiuw_08_02.png,0
1772,__riDMW1xCPJXThAE1Eiuw_08_03.png,0
1773,__riDMW1xCPJXThAE1Eiuw_08_04.png,0
1774,__riDMW1xCPJXThAE1Eiuw_08_05.png,0
1775,__riDMW1xCPJXThAE1Eiuw_08_06.png,0
1776,__riDMW1xCPJXThAE1Eiuw_08_07.png,0
1777,__riDMW1xCPJXThAE1Eiuw_08_08.png,0
1778,__riDMW1xCPJXThAE1Eiuw_08_09.png,0
1779,__riDMW1xCPJXThAE1Eiuw_08_10.png,0
1780,__riDMW1xCPJXThAE1Eiuw_09_01.png,0
1781,__riDMW1xCPJXThAE1Eiuw_09_02.png,0
1782,__riDMW1xCPJXThAE1Eiuw_09_03.png,0
1783,__riDMW1xCPJXThAE1Eiuw_09_04.png,0
1784,__riDMW1xCPJXThAE1Eiuw_09_05.png,0
1785,__riDMW1xCPJXThAE1Eiuw_09_06.png,0
1786,__riDMW1xCPJXThAE1Eiuw_09_07.png,0
1787,__riDMW1xCPJXThAE1Eiuw_09_08.png,0
1788,__riDMW1xCPJXThAE1Eiuw_09_09.png,0
1789,__riDMW1xCPJXThAE1Eiuw_09_10.png,0
1790,__riDMW1xCPJXThAE1Eiuw_10_01.png,0
1791,__riDMW1xCPJXThAE1Eiuw_10_02.png,0
1792,__riDMW1xCPJXThAE1Eiuw_10_03.png,0
1793,__riDMW1xCPJXThAE1Eiuw_10_04.png,0
1794,__riDMW1xCPJXThAE1Eiuw_10_05.png,0
1795,__riDMW1xCPJXThAE1Eiuw_10_06.png,0
1796,__riDMW1xCPJXThAE1Eiuw_10_07.png,0
1797,__riDMW1xCPJXThAE1Eiuw_10_08.png,0
1798,__riDMW1xCPJXThAE1Eiuw_10_09.png,0
1799,__riDMW1xCPJXThAE1Eiuw_10_10.png,0
1800,__rStCZOnIMUipqBfQY1Vg_01_01.png,0
1801,__rStCZOnIMUipqBfQY1Vg_01_02.png,0
1802,__rStCZOnIMUipqBfQY1Vg_01_03.png,0
1803,__rStCZOnIMUipqBfQY1Vg_01_04.png,0
1804,__rStCZOnIMUipqBfQY1Vg_01_05.png,0
1805,__rStCZOnIMUipqBfQY1Vg_01_06.png,0
1806,__rStCZOnIMUipqBfQY1Vg_01_07.png,0
1807,__rStCZOnIMUipqBfQY1Vg_01_08.png,0
1808,__rStCZOnIMUipqBfQY1Vg_01_09.png,0
1809,__rStCZOnIMUipqBfQY1Vg_01_10.png,0
1810,__rStCZOnIMUipqBfQY1Vg_02_01.png,0
1811,__rStCZOnIMUipqBfQY1Vg_02_02.png,0
1812,__rStCZOnIMUipqBfQY1Vg_02_03.png,0
1813,__rStCZOnIMUipqBfQY1Vg_02_04.png,0
1814,__rStCZOnIMUipqBfQY1Vg_02_05.png,0
1815,__rStCZOnIMUipqBfQY1Vg_02_06.png,0
1816,__rStCZOnIMUipqBfQY1Vg_02_07.png,0
1817,__rStCZOnIMUipqBfQY1Vg_02_08.png,0
1818,__rStCZOnIMUipqBfQY1Vg_02_09.png,0
1819,__rStCZOnIMUipqBfQY1Vg_02_10.png,0
1820,__rStCZOnIMUipqBfQY1Vg_03_01.png,0
1821,__rStCZOnIMUipqBfQY1Vg_03_02.png,0
1822,__rStCZOnIMUipqBfQY1Vg_03_03.png,0
1823,__rStCZOnIMUipqBfQY1Vg_03_04.png,0
1824,__rStCZOnIMUipqBfQY1Vg_03_05.png,0
1825,__rStCZOnIMUipqBfQY1Vg_03_06.png,0
1826,__rStCZOnIMUipqBfQY1Vg_03_07.png,0
1827,__rStCZOnIMUipqBfQY1Vg_03_08.png,0
1828,__rStCZOnIMUipqBfQY1Vg_03_09.png,0
1829,__rStCZOnIMUipqBfQY1Vg_03_10.png,0
1830,__rStCZOnIMUipqBfQY1Vg_04_01.png,0
1831,__rStCZOnIMUipqBfQY1Vg_04_02.png,0
1832,__rStCZOnIMUipqBfQY1Vg_04_03.png,0
1833,__rStCZOnIMUipqBfQY1Vg_04_04.png,0
1834,__rStCZOnIMUipqBfQY1Vg_04_05.png,0
1835,__rStCZOnIMUipqBfQY1Vg_04_06.png,0
1836,__rStCZOnIMUipqBfQY1Vg_04_07.png,0
1837,__rStCZOnIMUipqBfQY1Vg_04_08.png,0
1838,__rStCZOnIMUipqBfQY1Vg_04_09.png,0
1839,__rStCZOnIMUipqBfQY1Vg_04_10.png,0
1840,__rStCZOnIMUipqBfQY1Vg_05_01.png,0
1841,__rStCZOnIMUipqBfQY1Vg_05_02.png,0
1842,__rStCZOnIMUipqBfQY1Vg_05_03.png,0
1843,__rStCZOnIMUipqBfQY1Vg_05_04.png,0
1844,__rStCZOnIMUipqBfQY1Vg_05_05.png,0
1845,__rStCZOnIMUipqBfQY1Vg_05_06.png,0
1846,__rStCZOnIMUipqBfQY1Vg_05_07.png,0
1847,__rStCZOnIMUipqBfQY1Vg_05_08.png,0
1848,__rStCZOnIMUipqBfQY1Vg_05_09.png,0
1849,__rStCZOnIMUipqBfQY1Vg_05_10.png,0
1850,__rStCZOnIMUipqBfQY1Vg_06_01.png,0
1851,__rStCZOnIMUipqBfQY1Vg_06_02.png,0
1852,__rStCZOnIMUipqBfQY1Vg_06_03.png,0
1853,__rStCZOnIMUipqBfQY1Vg_06_04.png,0
1854,__rStCZOnIMUipqBfQY1Vg_06_05.png,0
1855,__rStCZOnIMUipqBfQY1Vg_06_06.png,0
1856,__rStCZOnIMUipqBfQY1Vg_06_07.png,0
1857,__rStCZOnIMUipqBfQY1Vg_06_08.png,0
1858,__rStCZOnIMUipqBfQY1Vg_06_09.png,0
1859,__rStCZOnIMUipqBfQY1Vg_06_10.png,0
1860,__rStCZOnIMUipqBfQY1Vg_07_01.png,0
1861,__rStCZOnIMUipqBfQY1Vg_07_02.png,0
1862,__rStCZOnIMUipqBfQY1Vg_07_03.png,0
1863,__rStCZOnIMUipqBfQY1Vg_07_04.png,0
1864,__rStCZOnIMUipqBfQY1Vg_07_05.png,0
1865,__rStCZOnIMUipqBfQY1Vg_07_06.png,0
1866,__rStCZOnIMUipqBfQY1Vg_07_07.png,0
1867,__rStCZOnIMUipqBfQY1Vg_07_08.png,0
1868,__rStCZOnIMUipqBfQY1Vg_07_09.png,0
1869,__rStCZOnIMUipqBfQY1Vg_07_10.png,0
1870,__rStCZOnIMUipqBfQY1Vg_08_01.png,0
1871,__rStCZOnIMUipqBfQY1Vg_08_02.png,0
1872,__rStCZOnIMUipqBfQY1Vg_08_03.png,0
1873,__rStCZOnIMUipqBfQY1Vg_08_04.png,0
1874,__rStCZOnIMUipqBfQY1Vg_08_05.png,0
1875,__rStCZOnIMUipqBfQY1Vg_08_06.png,0
1876,__rStCZOnIMUipqBfQY1Vg_08_07.png,0
1877,__rStCZOnIMUipqBfQY1Vg_08_08.png,0
1878,__rStCZOnIMUipqBfQY1Vg_08_09.png,0
1879,__rStCZOnIMUipqBfQY1Vg_08_10.png,0
1880,__rStCZOnIMUipqBfQY1Vg_09_01.png,0
1881,__rStCZOnIMUipqBfQY1Vg_09_02.png,0
1882,__rStCZOnIMUipqBfQY1Vg_09_03.png,0
1883,__rStCZOnIMUipqBfQY1Vg_09_04.png,0
1884,__rStCZOnIMUipqBfQY1Vg_09_05.png,0
1885,__rStCZOnIMUipqBfQY1Vg_09_06.png,0
1886,__rStCZOnIMUipqBfQY1Vg_09_07.png,0
1887,__rStCZOnIMUipqBfQY1Vg_09_08.png,0
1888,__rStCZOnIMUipqBfQY1Vg_09_09.png,0
1889,__rStCZOnIMUipqBfQY1Vg_09_10.png,0
1890,__rStCZOnIMUipqBfQY1Vg_10_01.png,0
1891,__rStCZOnIMUipqBfQY1Vg_10_02.png,0
1892,__rStCZOnIMUipqBfQY1Vg_10_03.png,0
1893,__rStCZOnIMUipqBfQY1Vg_10_04.png,0
1894,__rStCZOnIMUipqBfQY1Vg_10_05.png,0
1895,__rStCZOnIMUipqBfQY1Vg_10_06.png,0
1896,__rStCZOnIMUipqBfQY1Vg_10_07.png,0
1897,__rStCZOnIMUipqBfQY1Vg_10_08.png,0
1898,__rStCZOnIMUipqBfQY1Vg_10_09.png,0
1899,__rStCZOnIMUipqBfQY1Vg_10_10.png,0
